Company,Year,Rule ID,Rule Name,Group,Category,Severity,Status,Message,Observed
AARTI DRUGS LTD,2017,BS-001,Balance sheet equation,Handbook Rules,integrity,Critical,pass,Validation passed,"{'Total Assets': np.float64(1191.04), 'Total Liabilities': np.float64(1191.04), 'Equity Share Capital': np.float64(23.86), 'Reserves': np.float64(376.28)}"
AARTI DRUGS LTD,2017,BS-009,Negative total equity,Handbook Rules,solvency,High,pass,Validation passed,"{'Equity Share Capital': np.float64(23.86), 'Reserves': np.float64(376.28)}"
AARTI DRUGS LTD,2017,CF-002,Cash flow to cash-balance tie-out,Handbook Rules,integrity,Critical,skipped,Unavailable prior-year Cash & Bank,"{'Cash & Bank': np.float64(4.17), 'Net Cash Flow': np.float64(-0.45)}"
AARTI DRUGS LTD,2017,CF-004,Financing activity plausibility,Handbook Rules,cross_statement,High,skipped,Unavailable prior-year Borrowings,"{'Borrowings': np.float64(479.5), 'Dividend Amount': np.float64(2.39), 'Cash from Financing Activity': np.float64(-68.23)}"
AARTI DRUGS LTD,2017,CF-006,Depreciation non-cash adjustment plausibility,Handbook Rules,cross_statement,High,pass,Validation passed,"{'Net profit': np.float64(81.8), 'Depreciation': np.float64(38.46), 'Cash from Operating Activity': np.float64(174.75)}"
AARTI DRUGS LTD,2017,CF-008,Sustained negative operating cash flow,Handbook Rules,trend,High,skipped,Insufficient history for Cash from Operating Activity,{'Cash from Operating Activity': np.float64(174.75)}
AARTI DRUGS LTD,2017,CF-009,Cash flow versus net income divergence,Handbook Rules,cross_statement,High,pass,Validation passed,"{'Operating_CF_Ratio': np.float64(0.1462), 'robust_z': None}"
AARTI DRUGS LTD,2017,CF-010,Dividend versus reserves,Handbook Rules,solvency,High,pass,Validation passed,"{'Dividend Amount': np.float64(2.39), 'Reserves': np.float64(376.28)}"
AARTI DRUGS LTD,2017,DV-004,Mandatory field completeness,Handbook Rules,data_completeness,Critical,pass,Validation passed,"{'Company': 'AARTI DRUGS LTD', 'Year': np.int64(2017)}"
AARTI DRUGS LTD,2017,DV-007,Numeric financial value validation,Handbook Rules,data_completeness,High,pass,Validation passed,{}
AARTI DRUGS LTD,2017,DV-008,Unexpected negative cash or inventory,Handbook Rules,data_quality,Medium,pass,Validation passed,"{'Cash & Bank': np.float64(4.17), 'Inventory': np.float64(209.63)}"
AARTI DRUGS LTD,2017,DV-012,Input schema validation,Handbook Rules,data_completeness,High,pass,Validation passed,{}
AARTI DRUGS LTD,2017,DV-015,Statistical outlier screening,Handbook Rules,analytical,Medium,pass,Validation passed,"{'Sales': np.float64(1195.17), 'robust_z': None}"
AARTI DRUGS LTD,2017,DV-018,Reporting date consistency,Handbook Rules,data_completeness,Medium,skipped,Unavailable metrics: ['Report Date'],{}
AARTI DRUGS LTD,2017,FA-001,Adverse profit margin,Financial Analytics Rules,financial_analytics,Medium,pass,Validation passed,{'Profit_Margin': np.float64(0.0684)}
AARTI DRUGS LTD,2017,FA-002,Adverse operating margin,Financial Analytics Rules,financial_analytics,Medium,pass,Validation passed,{'Operating_Margin': np.float64(0.0963)}
AARTI DRUGS LTD,2017,FA-003,Adverse return on equity,Financial Analytics Rules,financial_analytics,Medium,pass,Validation passed,{'ROE': np.float64(0.2044)}
AARTI DRUGS LTD,2017,FA-004,Adverse return on assets,Financial Analytics Rules,financial_analytics,Medium,pass,Validation passed,{'ROA': np.float64(0.0687)}
AARTI DRUGS LTD,2017,FA-005,Adverse debt-to-equity ratio,Financial Analytics Rules,financial_analytics,Medium,skipped,Unavailable metrics: ['Debt_Equity_Ratio'],{}
AARTI DRUGS LTD,2017,FA-006,Adverse debt ratio,Financial Analytics Rules,financial_analytics,Medium,skipped,Unavailable metrics: ['Debt_Ratio'],{}
AARTI DRUGS LTD,2017,FA-007,Adverse equity ratio,Financial Analytics Rules,financial_analytics,Medium,skipped,Unavailable metrics: ['Equity_Ratio'],{}
AARTI DRUGS LTD,2017,FA-008,Adverse interest coverage,Financial Analytics Rules,financial_analytics,Medium,skipped,Unavailable metrics: ['Interest_Coverage_Ratio'],{}
AARTI DRUGS LTD,2017,FA-009,Adverse borrowing dependency,Financial Analytics Rules,financial_analytics,Medium,skipped,Unavailable metrics: ['Borrowing_Dependency_Ratio'],{}
AARTI DRUGS LTD,2017,FA-010,Adverse working capital ratio,Financial Analytics Rules,financial_analytics,Medium,pass,Validation passed,"{'Working_Capital_Ratio': np.float64(0.0035), 'robust_z': None}"
AARTI DRUGS LTD,2017,FA-011,Adverse asset utilization,Financial Analytics Rules,financial_analytics,Medium,skipped,Unavailable metrics: ['Asset_Utilization_Ratio'],{}
AARTI DRUGS LTD,2017,FA-012,Adverse receivable ratio,Financial Analytics Rules,financial_analytics,Medium,pass,Validation passed,"{'Receivable_Ratio': np.float64(0.2483), 'robust_z': None}"
AARTI DRUGS LTD,2017,FA-013,Adverse inventory ratio,Financial Analytics Rules,financial_analytics,Medium,pass,Validation passed,"{'Inventory_Ratio': np.float64(0.1754), 'robust_z': None}"
AARTI DRUGS LTD,2017,FA-014,Adverse expense ratio,Financial Analytics Rules,financial_analytics,Medium,pass,Validation passed,"{'Expense_Ratio': np.float64(0.907), 'robust_z': None}"
AARTI DRUGS LTD,2017,FA-015,Adverse depreciation ratio,Financial Analytics Rules,financial_analytics,Medium,pass,Validation passed,"{'Depreciation_Ratio': np.float64(0.0323), 'robust_z': None}"
AARTI DRUGS LTD,2017,FA-016,Adverse operating-cash-flow ratio,Financial Analytics Rules,financial_analytics,Medium,pass,Validation passed,{'Operating_CF_Ratio': np.float64(0.1462)}
AARTI DRUGS LTD,2017,FA-017,Adverse cash-to-debt ratio,Financial Analytics Rules,financial_analytics,Medium,skipped,Unavailable metrics: ['Cash_To_Debt_Ratio'],{}
AARTI DRUGS LTD,2017,FA-018,Adverse cash margin,Financial Analytics Rules,financial_analytics,Medium,pass,Validation passed,{'Cash_Margin': np.float64(2.1363)}
AARTI DRUGS LTD,2017,FA-019,Adverse revenue growth,Financial Analytics Rules,financial_analytics,High,skipped,Unavailable metric values: ['Revenue_Growth'],{'Revenue_Growth': np.float64(nan)}
AARTI DRUGS LTD,2017,FA-020,Adverse profit growth,Financial Analytics Rules,financial_analytics,High,skipped,Unavailable metric values: ['Profit_Growth'],{'Profit_Growth': np.float64(nan)}
AARTI DRUGS LTD,2017,FA-021,Adverse borrowing growth,Financial Analytics Rules,financial_analytics,High,skipped,Unavailable metric values: ['Borrowing_Growth'],{'Borrowing_Growth': np.float64(nan)}
AARTI DRUGS LTD,2017,FA-022,Adverse asset growth,Financial Analytics Rules,financial_analytics,High,skipped,Unavailable metric values: ['Asset_Growth'],{'Asset_Growth': np.float64(nan)}
AARTI DRUGS LTD,2017,FA-023,Adverse reserve growth,Financial Analytics Rules,financial_analytics,High,skipped,Unavailable metric values: ['Reserve_Growth'],{'Reserve_Growth': np.float64(nan)}
AARTI DRUGS LTD,2017,FA-024,Adverse operating-cash-flow growth,Financial Analytics Rules,financial_analytics,High,skipped,Unavailable metric values: ['Operating_CF_Growth'],{'Operating_CF_Growth': np.float64(nan)}
AARTI DRUGS LTD,2017,FA-025,Adverse receivable growth,Financial Analytics Rules,financial_analytics,High,skipped,Unavailable metric values: ['Receivable_Growth'],{'Receivable_Growth': np.float64(nan)}
AARTI DRUGS LTD,2017,FA-026,Adverse inventory growth,Financial Analytics Rules,financial_analytics,High,skipped,Unavailable metric values: ['Inventory_Growth'],{'Inventory_Growth': np.float64(nan)}
AARTI DRUGS LTD,2017,FA-027,Adverse cash growth,Financial Analytics Rules,financial_analytics,High,skipped,Unavailable metric values: ['Cash_Growth'],{'Cash_Growth': np.float64(nan)}
AARTI DRUGS LTD,2017,FA-028,Adverse three-year revenue CAGR,Financial Analytics Rules,financial_analytics,Medium,pass,Validation passed,"{'Revenue_CAGR_3Y': np.float64(0.0), 'robust_z': None}"
AARTI DRUGS LTD,2017,FA-029,Adverse three-year profit CAGR,Financial Analytics Rules,financial_analytics,Medium,pass,Validation passed,"{'Profit_CAGR_3Y': np.float64(0.0), 'robust_z': None}"
AARTI DRUGS LTD,2017,FA-030,Adverse revenue volatility,Financial Analytics Rules,financial_analytics,Medium,skipped,Unavailable metric values: ['Revenue_Volatility'],{'Revenue_Volatility': np.float64(nan)}
AARTI DRUGS LTD,2017,FA-031,Adverse profit volatility,Financial Analytics Rules,financial_analytics,Medium,skipped,Unavailable metric values: ['Profit_Volatility'],{'Profit_Volatility': np.float64(nan)}
AARTI DRUGS LTD,2017,FA-032,Adverse operating-cash-flow volatility,Financial Analytics Rules,financial_analytics,Medium,skipped,Unavailable metric values: ['Operating_CF_Volatility'],{'Operating_CF_Volatility': np.float64(nan)}
AARTI DRUGS LTD,2017,FA-033,Peer outlier: profit margin,Financial Analytics Rules,financial_analytics,Medium,pass,Validation passed,"{'Profit_Margin': np.float64(0.0684), 'robust_z': None}"
AARTI DRUGS LTD,2017,FA-034,Peer outlier: operating margin,Financial Analytics Rules,financial_analytics,Medium,pass,Validation passed,"{'Operating_Margin': np.float64(0.0963), 'robust_z': None}"
AARTI DRUGS LTD,2017,FA-035,Peer outlier: return on equity,Financial Analytics Rules,financial_analytics,Medium,pass,Validation passed,"{'ROE': np.float64(0.2044), 'robust_z': None}"
AARTI DRUGS LTD,2017,FA-036,Peer outlier: return on assets,Financial Analytics Rules,financial_analytics,Medium,pass,Validation passed,"{'ROA': np.float64(0.0687), 'robust_z': None}"
AARTI DRUGS LTD,2017,FA-037,Peer outlier: debt-to-equity ratio,Financial Analytics Rules,financial_analytics,Medium,skipped,Unavailable metrics: ['Debt_Equity_Ratio'],{}
AARTI DRUGS LTD,2017,FA-038,Peer outlier: debt ratio,Financial Analytics Rules,financial_analytics,Medium,skipped,Unavailable metrics: ['Debt_Ratio'],{}
AARTI DRUGS LTD,2017,FA-039,Peer outlier: equity ratio,Financial Analytics Rules,financial_analytics,Medium,skipped,Unavailable metrics: ['Equity_Ratio'],{}
AARTI DRUGS LTD,2017,FA-040,Peer outlier: interest coverage,Financial Analytics Rules,financial_analytics,Medium,skipped,Unavailable metrics: ['Interest_Coverage_Ratio'],{}
AARTI DRUGS LTD,2017,FA-041,Peer outlier: borrowing dependency,Financial Analytics Rules,financial_analytics,Medium,skipped,Unavailable metrics: ['Borrowing_Dependency_Ratio'],{}
AARTI DRUGS LTD,2017,FA-042,Peer outlier: working capital ratio,Financial Analytics Rules,financial_analytics,Medium,pass,Validation passed,"{'Working_Capital_Ratio': np.float64(0.0035), 'robust_z': None}"
AARTI DRUGS LTD,2017,FA-043,Peer outlier: asset utilization,Financial Analytics Rules,financial_analytics,Medium,skipped,Unavailable metrics: ['Asset_Utilization_Ratio'],{}
AARTI DRUGS LTD,2017,FA-044,Peer outlier: receivable ratio,Financial Analytics Rules,financial_analytics,Medium,pass,Validation passed,"{'Receivable_Ratio': np.float64(0.2483), 'robust_z': None}"
AARTI DRUGS LTD,2017,FA-045,Peer outlier: inventory ratio,Financial Analytics Rules,financial_analytics,Medium,pass,Validation passed,"{'Inventory_Ratio': np.float64(0.1754), 'robust_z': None}"
AARTI DRUGS LTD,2017,FA-046,Peer outlier: expense ratio,Financial Analytics Rules,financial_analytics,Medium,pass,Validation passed,"{'Expense_Ratio': np.float64(0.907), 'robust_z': None}"
AARTI DRUGS LTD,2017,FA-047,Peer outlier: depreciation ratio,Financial Analytics Rules,financial_analytics,Medium,pass,Validation passed,"{'Depreciation_Ratio': np.float64(0.0323), 'robust_z': None}"
AARTI DRUGS LTD,2017,FA-048,Peer outlier: operating-cash-flow ratio,Financial Analytics Rules,financial_analytics,Medium,pass,Validation passed,"{'Operating_CF_Ratio': np.float64(0.1462), 'robust_z': None}"
AARTI DRUGS LTD,2017,FA-049,Peer outlier: cash-to-debt ratio,Financial Analytics Rules,financial_analytics,Medium,skipped,Unavailable metrics: ['Cash_To_Debt_Ratio'],{}
AARTI DRUGS LTD,2017,FA-050,Peer outlier: cash margin,Financial Analytics Rules,financial_analytics,Medium,pass,Validation passed,"{'Cash_Margin': np.float64(2.1363), 'robust_z': None}"
AARTI DRUGS LTD,2017,FA-051,Peer outlier: revenue growth,Financial Analytics Rules,financial_analytics,Medium,skipped,Unavailable metric values: ['Revenue_Growth'],{'Revenue_Growth': np.float64(nan)}
AARTI DRUGS LTD,2017,FA-052,Peer outlier: profit growth,Financial Analytics Rules,financial_analytics,Medium,skipped,Unavailable metric values: ['Profit_Growth'],{'Profit_Growth': np.float64(nan)}
AARTI DRUGS LTD,2017,FA-053,Peer outlier: borrowing growth,Financial Analytics Rules,financial_analytics,Medium,skipped,Unavailable metric values: ['Borrowing_Growth'],{'Borrowing_Growth': np.float64(nan)}
AARTI DRUGS LTD,2017,FA-054,Peer outlier: asset growth,Financial Analytics Rules,financial_analytics,Medium,skipped,Unavailable metric values: ['Asset_Growth'],{'Asset_Growth': np.float64(nan)}
AARTI DRUGS LTD,2017,FA-055,Peer outlier: reserve growth,Financial Analytics Rules,financial_analytics,Medium,skipped,Unavailable metric values: ['Reserve_Growth'],{'Reserve_Growth': np.float64(nan)}
AARTI DRUGS LTD,2017,FA-056,Peer outlier: operating-cash-flow growth,Financial Analytics Rules,financial_analytics,Medium,skipped,Unavailable metric values: ['Operating_CF_Growth'],{'Operating_CF_Growth': np.float64(nan)}
AARTI DRUGS LTD,2017,FA-057,Peer outlier: receivable growth,Financial Analytics Rules,financial_analytics,Medium,skipped,Unavailable metric values: ['Receivable_Growth'],{'Receivable_Growth': np.float64(nan)}
AARTI DRUGS LTD,2017,FA-058,Peer outlier: inventory growth,Financial Analytics Rules,financial_analytics,Medium,skipped,Unavailable metric values: ['Inventory_Growth'],{'Inventory_Growth': np.float64(nan)}
AARTI DRUGS LTD,2017,FA-059,Peer outlier: cash growth,Financial Analytics Rules,financial_analytics,Medium,skipped,Unavailable metric values: ['Cash_Growth'],{'Cash_Growth': np.float64(nan)}
AARTI DRUGS LTD,2017,FA-060,Peer outlier: three-year revenue CAGR,Financial Analytics Rules,financial_analytics,Medium,pass,Validation passed,"{'Revenue_CAGR_3Y': np.float64(0.0), 'robust_z': None}"
AARTI DRUGS LTD,2017,FA-061,Peer outlier: three-year profit CAGR,Financial Analytics Rules,financial_analytics,Medium,pass,Validation passed,"{'Profit_CAGR_3Y': np.float64(0.0), 'robust_z': None}"
AARTI DRUGS LTD,2017,FA-062,Peer outlier: revenue volatility,Financial Analytics Rules,financial_analytics,Medium,skipped,Unavailable metric values: ['Revenue_Volatility'],{'Revenue_Volatility': np.float64(nan)}
AARTI DRUGS LTD,2017,FA-063,Peer outlier: profit volatility,Financial Analytics Rules,financial_analytics,Medium,skipped,Unavailable metric values: ['Profit_Volatility'],{'Profit_Volatility': np.float64(nan)}
AARTI DRUGS LTD,2017,FA-064,Peer outlier: operating-cash-flow volatility,Financial Analytics Rules,financial_analytics,Medium,skipped,Unavailable metric values: ['Operating_CF_Volatility'],{'Operating_CF_Volatility': np.float64(nan)}
AARTI DRUGS LTD,2017,FA-065,Unstable trend: profit margin,Financial Analytics Rules,financial_analytics,Medium,pass,Validation passed,"{'Profit_Margin': np.float64(0.0684), 'robust_z': None}"
AARTI DRUGS LTD,2017,FA-066,Unstable trend: operating margin,Financial Analytics Rules,financial_analytics,Medium,pass,Validation passed,"{'Operating_Margin': np.float64(0.0963), 'robust_z': None}"
AARTI DRUGS LTD,2017,FA-067,Unstable trend: return on equity,Financial Analytics Rules,financial_analytics,Medium,pass,Validation passed,"{'ROE': np.float64(0.2044), 'robust_z': None}"
AARTI DRUGS LTD,2017,FA-068,Unstable trend: return on assets,Financial Analytics Rules,financial_analytics,Medium,pass,Validation passed,"{'ROA': np.float64(0.0687), 'robust_z': None}"
AARTI DRUGS LTD,2017,FA-069,Unstable trend: debt-to-equity ratio,Financial Analytics Rules,financial_analytics,Medium,skipped,Unavailable metrics: ['Debt_Equity_Ratio'],{}
AARTI DRUGS LTD,2017,FA-070,Unstable trend: debt ratio,Financial Analytics Rules,financial_analytics,Medium,skipped,Unavailable metrics: ['Debt_Ratio'],{}
AARTI DRUGS LTD,2017,FA-071,Unstable trend: equity ratio,Financial Analytics Rules,financial_analytics,Medium,skipped,Unavailable metrics: ['Equity_Ratio'],{}
AARTI DRUGS LTD,2017,FA-072,Unstable trend: interest coverage,Financial Analytics Rules,financial_analytics,Medium,skipped,Unavailable metrics: ['Interest_Coverage_Ratio'],{}
AARTI DRUGS LTD,2017,FA-073,Unstable trend: borrowing dependency,Financial Analytics Rules,financial_analytics,Medium,skipped,Unavailable metrics: ['Borrowing_Dependency_Ratio'],{}
AARTI DRUGS LTD,2017,FA-074,Unstable trend: working capital ratio,Financial Analytics Rules,financial_analytics,Medium,pass,Validation passed,"{'Working_Capital_Ratio': np.float64(0.0035), 'robust_z': None}"
AARTI DRUGS LTD,2017,FA-075,Unstable trend: asset utilization,Financial Analytics Rules,financial_analytics,Medium,skipped,Unavailable metrics: ['Asset_Utilization_Ratio'],{}
AARTI DRUGS LTD,2017,FA-076,Unstable trend: receivable ratio,Financial Analytics Rules,financial_analytics,Medium,pass,Validation passed,"{'Receivable_Ratio': np.float64(0.2483), 'robust_z': None}"
AARTI DRUGS LTD,2017,FA-077,Unstable trend: inventory ratio,Financial Analytics Rules,financial_analytics,Medium,pass,Validation passed,"{'Inventory_Ratio': np.float64(0.1754), 'robust_z': None}"
AARTI DRUGS LTD,2017,FA-078,Unstable trend: expense ratio,Financial Analytics Rules,financial_analytics,Medium,pass,Validation passed,"{'Expense_Ratio': np.float64(0.907), 'robust_z': None}"
AARTI DRUGS LTD,2017,FA-079,Unstable trend: depreciation ratio,Financial Analytics Rules,financial_analytics,Medium,pass,Validation passed,"{'Depreciation_Ratio': np.float64(0.0323), 'robust_z': None}"
AARTI DRUGS LTD,2017,FA-080,Unstable trend: operating-cash-flow ratio,Financial Analytics Rules,financial_analytics,Medium,pass,Validation passed,"{'Operating_CF_Ratio': np.float64(0.1462), 'robust_z': None}"
AARTI DRUGS LTD,2017,FA-081,Unstable trend: cash-to-debt ratio,Financial Analytics Rules,financial_analytics,Medium,skipped,Unavailable metrics: ['Cash_To_Debt_Ratio'],{}
AARTI DRUGS LTD,2017,FA-082,Unstable trend: cash margin,Financial Analytics Rules,financial_analytics,Medium,pass,Validation passed,"{'Cash_Margin': np.float64(2.1363), 'robust_z': None}"
AARTI DRUGS LTD,2017,FA-083,Unstable trend: revenue growth,Financial Analytics Rules,financial_analytics,Medium,skipped,Unavailable metric values: ['Revenue_Growth'],{'Revenue_Growth': np.float64(nan)}
AARTI DRUGS LTD,2017,FA-084,Unstable trend: profit growth,Financial Analytics Rules,financial_analytics,Medium,skipped,Unavailable metric values: ['Profit_Growth'],{'Profit_Growth': np.float64(nan)}
AARTI DRUGS LTD,2017,FA-085,Unstable trend: borrowing growth,Financial Analytics Rules,financial_analytics,Medium,skipped,Unavailable metric values: ['Borrowing_Growth'],{'Borrowing_Growth': np.float64(nan)}
AARTI DRUGS LTD,2017,FA-086,Unstable trend: asset growth,Financial Analytics Rules,financial_analytics,Medium,skipped,Unavailable metric values: ['Asset_Growth'],{'Asset_Growth': np.float64(nan)}
AARTI DRUGS LTD,2017,FA-087,Unstable trend: reserve growth,Financial Analytics Rules,financial_analytics,Medium,skipped,Unavailable metric values: ['Reserve_Growth'],{'Reserve_Growth': np.float64(nan)}
AARTI DRUGS LTD,2017,FA-088,Unstable trend: operating-cash-flow growth,Financial Analytics Rules,financial_analytics,Medium,skipped,Unavailable metric values: ['Operating_CF_Growth'],{'Operating_CF_Growth': np.float64(nan)}
AARTI DRUGS LTD,2017,FA-089,Unstable trend: receivable growth,Financial Analytics Rules,financial_analytics,Medium,skipped,Unavailable metric values: ['Receivable_Growth'],{'Receivable_Growth': np.float64(nan)}
AARTI DRUGS LTD,2017,FA-090,Unstable trend: inventory growth,Financial Analytics Rules,financial_analytics,Medium,skipped,Unavailable metric values: ['Inventory_Growth'],{'Inventory_Growth': np.float64(nan)}
AARTI DRUGS LTD,2017,FA-091,Unstable trend: cash growth,Financial Analytics Rules,financial_analytics,Medium,skipped,Unavailable metric values: ['Cash_Growth'],{'Cash_Growth': np.float64(nan)}
AARTI DRUGS LTD,2017,FA-092,Unstable trend: three-year revenue CAGR,Financial Analytics Rules,financial_analytics,Medium,pass,Validation passed,"{'Revenue_CAGR_3Y': np.float64(0.0), 'robust_z': None}"
AARTI DRUGS LTD,2017,FA-093,Unstable trend: three-year profit CAGR,Financial Analytics Rules,financial_analytics,Medium,pass,Validation passed,"{'Profit_CAGR_3Y': np.float64(0.0), 'robust_z': None}"
AARTI DRUGS LTD,2017,FA-094,Unstable trend: revenue volatility,Financial Analytics Rules,financial_analytics,Medium,skipped,Unavailable metric values: ['Revenue_Volatility'],{'Revenue_Volatility': np.float64(nan)}
AARTI DRUGS LTD,2017,FA-095,Unstable trend: profit volatility,Financial Analytics Rules,financial_analytics,Medium,skipped,Unavailable metric values: ['Profit_Volatility'],{'Profit_Volatility': np.float64(nan)}
AARTI DRUGS LTD,2017,FA-096,Unstable trend: operating-cash-flow volatility,Financial Analytics Rules,financial_analytics,Medium,skipped,Unavailable metric values: ['Operating_CF_Volatility'],{'Operating_CF_Volatility': np.float64(nan)}
AARTI DRUGS LTD,2017,FA-097,Revenue growth with profit decline,Financial Analytics Rules,financial_analytics,High,skipped,"Unavailable metric values: ['Revenue_Growth', 'Profit_Growth']","{'Revenue_Growth': np.float64(nan), 'Profit_Growth': np.float64(nan)}"
AARTI DRUGS LTD,2017,FA-098,Revenue growth with operating cash-flow decline,Financial Analytics Rules,financial_analytics,High,skipped,"Unavailable metric values: ['Revenue_Growth', 'Operating_CF_Growth']","{'Revenue_Growth': np.float64(nan), 'Operating_CF_Growth': np.float64(nan)}"
AARTI DRUGS LTD,2017,FA-099,Receivables growth exceeding revenue growth,Financial Analytics Rules,financial_analytics,High,skipped,"Unavailable metric values: ['Receivable_Growth', 'Revenue_Growth']","{'Receivable_Growth': np.float64(nan), 'Revenue_Growth': np.float64(nan)}"
AARTI DRUGS LTD,2017,FA-100,Inventory growth with revenue decline,Financial Analytics Rules,financial_analytics,High,skipped,"Unavailable metric values: ['Inventory_Growth', 'Revenue_Growth']","{'Inventory_Growth': np.float64(nan), 'Revenue_Growth': np.float64(nan)}"
AARTI DRUGS LTD,2017,FA-101,Borrowing growth with cash decline,Financial Analytics Rules,financial_analytics,High,skipped,"Unavailable metric values: ['Borrowing_Growth', 'Cash_Growth']","{'Borrowing_Growth': np.float64(nan), 'Cash_Growth': np.float64(nan)}"
AARTI DRUGS LTD,2017,FA-102,Borrowing growth with flat revenue,Financial Analytics Rules,financial_analytics,High,skipped,"Unavailable metric values: ['Borrowing_Growth', 'Revenue_Growth']","{'Borrowing_Growth': np.float64(nan), 'Revenue_Growth': np.float64(nan)}"
AARTI DRUGS LTD,2017,FA-103,Revenue growth with operating-margin decline,Financial Analytics Rules,financial_analytics,High,skipped,Unavailable metric values: ['Revenue_Growth'],"{'Revenue_Growth': np.float64(nan), 'Operating_Margin': np.float64(0.0963)}"
AARTI DRUGS LTD,2017,FA-104,Profit growth with cash decline,Financial Analytics Rules,financial_analytics,High,skipped,"Unavailable metric values: ['Profit_Growth', 'Cash_Growth']","{'Profit_Growth': np.float64(nan), 'Cash_Growth': np.float64(nan)}"
AARTI DRUGS LTD,2017,FA-105,Debt growth with interest-coverage decline,Financial Analytics Rules,financial_analytics,High,skipped,Unavailable metrics: ['Interest_Coverage_Ratio'],{}
AARTI DRUGS LTD,2017,FA-106,Operating cash flow below net profit,Financial Analytics Rules,financial_analytics,High,pass,Validation passed,"{'Cash from Operating Activity': np.float64(174.75), 'Net profit': np.float64(81.8)}"
AARTI DRUGS LTD,2017,FA-107,Cash decline amid positive operating cash flow,Financial Analytics Rules,financial_analytics,Medium,skipped,Unavailable metric values: ['Cash_Growth'],"{'Cash_Growth': np.float64(nan), 'Cash from Operating Activity': np.float64(174.75)}"
AARTI DRUGS LTD,2017,FA-108,Cash-flow composition outlier,Financial Analytics Rules,financial_analytics,Medium,pass,Validation passed,"{'Cash from Operating Activity': np.float64(174.75), 'Cash from Investing Activity': np.float64(-106.98), 'Cash from Financing Activity': np.float64(-68.23)}"
AARTI DRUGS LTD,2017,IS-002,Gross margin consistency,Handbook Rules,trend,Medium,skipped,Unavailable metrics: ['gross_margin'],{}
AARTI DRUGS LTD,2017,IS-007,Interest expense reasonableness,Handbook Rules,analytical,Medium,pass,Validation passed,"{'Interest': np.float64(40.02), 'Borrowings': np.float64(479.5)}"
AARTI DRUGS LTD,2017,IS-008,Effective tax rate reasonableness,Handbook Rules,analytical,Medium,skipped,Unavailable metrics: ['effective_tax_rate'],{}
AARTI DRUGS LTD,2017,IS-010,Unusual expense spike detection,Handbook Rules,trend,High,skipped,Unavailable metrics: ['Total Expenses'],{}
AARTI DRUGS LTD,2017,IS-011,Revenue versus operating cash flow correlation,Handbook Rules,cross_statement,High,skipped,"Unavailable metric values: ['Revenue_Growth', 'Operating_CF_Growth']","{'Revenue_Growth': np.float64(nan), 'Operating_CF_Growth': np.float64(nan)}"
AARTI DRUGS LTD,2017,IS-013,Net income to reserve movement plausibility,Handbook Rules,cross_statement,Critical,skipped,Unavailable prior-year Reserves,"{'Net profit': np.float64(81.8), 'Dividend Amount': np.float64(2.39), 'Reserves': np.float64(376.28)}"
AARTI DRUGS LTD,2017,IS-016,Depreciation expense consistency,Handbook Rules,trend,Medium,pass,Validation passed,"{'Depreciation_Ratio': np.float64(0.0323), 'robust_z': None}"
AARTI DRUGS LTD,2017,LED-001,Accounting equation,Handbook Rules,integrity,Critical,pass,Validation passed,"{'Total Assets': np.float64(1191.04), 'Total Liabilities': np.float64(1191.04), 'Equity Share Capital': np.float64(23.86), 'Reserves': np.float64(376.28)}"
AARTI DRUGS LTD,2017,RAT-005,Debt-to-equity ratio,Handbook Rules,ratio,High,skipped,Unavailable metrics: ['Debt_Equity_Ratio'],{}
AARTI DRUGS LTD,2017,RAT-006,Debt-to-assets ratio,Handbook Rules,ratio,High,skipped,Unavailable metrics: ['Debt_Ratio'],{}
AARTI DRUGS LTD,2017,RAT-007,Equity ratio,Handbook Rules,ratio,High,skipped,Unavailable metrics: ['Equity_Ratio'],{}
AARTI DRUGS LTD,2017,RAT-008,Interest coverage ratio,Handbook Rules,ratio,High,skipped,Unavailable metrics: ['Interest_Coverage_Ratio'],{}
AARTI DRUGS LTD,2017,RAT-010,Gross profit margin trend,Handbook Rules,trend,Medium,skipped,Unavailable metrics: ['gross_margin'],{}
AARTI DRUGS LTD,2017,RAT-011,Net profit margin trend,Handbook Rules,trend,Medium,skipped,Insufficient history for Profit_Margin,{'Profit_Margin': np.float64(0.0684)}
AARTI DRUGS LTD,2017,RAT-012,Operating margin trend,Handbook Rules,trend,Medium,skipped,Insufficient history for Operating_Margin,{'Operating_Margin': np.float64(0.0963)}
AARTI DRUGS LTD,2017,RAT-014,Return on assets outlier,Handbook Rules,ratio,Medium,pass,Validation passed,"{'ROA': np.float64(0.0687), 'robust_z': None}"
AARTI DRUGS LTD,2017,RAT-015,Return on equity outlier,Handbook Rules,ratio,Medium,pass,Validation passed,"{'ROE': np.float64(0.2044), 'robust_z': None}"
AARTI DRUGS LTD,2017,RAT-017,Asset turnover outlier,Handbook Rules,ratio,Medium,skipped,Unavailable metrics: ['Asset_Utilization_Ratio'],{}
AARTI DRUGS LTD,2017,RAT-018,Inventory turnover outlier,Handbook Rules,ratio,Medium,skipped,Unavailable metrics: ['inventory_turnover'],{}
AARTI DRUGS LTD,2017,RAT-019,Receivables turnover outlier,Handbook Rules,ratio,Medium,skipped,Unavailable metrics: ['receivables_turnover'],{}
AARTI DRUGS LTD,2017,RAT-020,Days sales outstanding trend,Handbook Rules,trend,Medium,skipped,Unavailable metrics: ['dso'],{}
AARTI DRUGS LTD,2017,RAT-022,Days inventory outstanding trend,Handbook Rules,trend,Medium,skipped,Unavailable metrics: ['dio'],{}
AARTI DRUGS LTD,2017,RAT-024,Revenue growth rate,Handbook Rules,trend,Medium,skipped,Unavailable metric values: ['Revenue_Growth'],{'Revenue_Growth': np.float64(nan)}
AARTI DRUGS LTD,2017,TR-001,Year-over-year revenue variance,Handbook Rules,trend,Medium,skipped,Unavailable metric values: ['Revenue_Growth'],{'Revenue_Growth': np.float64(nan)}
AARTI DRUGS LTD,2017,TR-002,Year-over-year expense variance,Handbook Rules,trend,Medium,skipped,Unavailable metrics: ['Total Expenses'],{}
AARTI DRUGS LTD,2017,TR-003,Multi-year trend consistency,Handbook Rules,trend,Medium,skipped,Unavailable metric values: ['Revenue_Volatility'],{'Revenue_Volatility': np.float64(nan)}
AARTI DRUGS LTD,2017,TR-006,Common-size statement analysis,Handbook Rules,trend,Medium,pass,Validation passed,"{'Expense_Ratio': np.float64(0.907), 'robust_z': None}"
AARTI DRUGS LTD,2017,TR-009,Margin trend stability,Handbook Rules,trend,Medium,pass,Validation passed,"{'Profit_Margin': np.float64(0.0684), 'Operating_Margin': np.float64(0.0963), 'robust_z': None}"
AARTI DRUGS LTD,2018,BS-001,Balance sheet equation,Handbook Rules,integrity,Critical,pass,Validation passed,"{'Total Assets': np.float64(1389.42), 'Total Liabilities': np.float64(1389.42), 'Equity Share Capital': np.float64(23.58), 'Reserves': np.float64(431.85)}"
AARTI DRUGS LTD,2018,BS-009,Negative total equity,Handbook Rules,solvency,High,pass,Validation passed,"{'Equity Share Capital': np.float64(23.58), 'Reserves': np.float64(431.85)}"
AARTI DRUGS LTD,2018,CF-002,Cash flow to cash-balance tie-out,Handbook Rules,integrity,Critical,fail,Validation triggered,"{'Cash & Bank': np.float64(4.27), 'Net Cash Flow': np.float64(0.15)}"
AARTI DRUGS LTD,2018,CF-004,Financing activity plausibility,Handbook Rules,cross_statement,High,fail,Validation triggered,"{'Borrowings': np.float64(546.25), 'Dividend Amount': np.float64(2.36), 'Cash from Financing Activity': np.float64(3.92)}"
AARTI DRUGS LTD,2018,CF-006,Depreciation non-cash adjustment plausibility,Handbook Rules,cross_statement,High,pass,Validation passed,"{'Net profit': np.float64(82.31), 'Depreciation': np.float64(40.06), 'Cash from Operating Activity': np.float64(69.77)}"
AARTI DRUGS LTD,2018,CF-008,Sustained negative operating cash flow,Handbook Rules,trend,High,skipped,Insufficient history for Cash from Operating Activity,{'Cash from Operating Activity': np.float64(69.77)}
AARTI DRUGS LTD,2018,CF-009,Cash flow versus net income divergence,Handbook Rules,cross_statement,High,pass,Validation passed,"{'Operating_CF_Ratio': np.float64(0.0561), 'robust_z': None}"
AARTI DRUGS LTD,2018,CF-010,Dividend versus reserves,Handbook Rules,solvency,High,pass,Validation passed,"{'Dividend Amount': np.float64(2.36), 'Reserves': np.float64(431.85)}"
AARTI DRUGS LTD,2018,DV-004,Mandatory field completeness,Handbook Rules,data_completeness,Critical,pass,Validation passed,"{'Company': 'AARTI DRUGS LTD', 'Year': np.int64(2018)}"
AARTI DRUGS LTD,2018,DV-007,Numeric financial value validation,Handbook Rules,data_completeness,High,pass,Validation passed,{}
AARTI DRUGS LTD,2018,DV-008,Unexpected negative cash or inventory,Handbook Rules,data_quality,Medium,pass,Validation passed,"{'Cash & Bank': np.float64(4.27), 'Inventory': np.float64(278.21)}"
AARTI DRUGS LTD,2018,DV-012,Input schema validation,Handbook Rules,data_completeness,High,pass,Validation passed,{}
AARTI DRUGS LTD,2018,DV-015,Statistical outlier screening,Handbook Rules,analytical,Medium,pass,Validation passed,"{'Sales': np.float64(1243.63), 'robust_z': None}"
AARTI DRUGS LTD,2018,DV-018,Reporting date consistency,Handbook Rules,data_completeness,Medium,skipped,Unavailable metrics: ['Report Date'],{}
AARTI DRUGS LTD,2018,FA-001,Adverse profit margin,Financial Analytics Rules,financial_analytics,Medium,pass,Validation passed,{'Profit_Margin': np.float64(0.0662)}
AARTI DRUGS LTD,2018,FA-002,Adverse operating margin,Financial Analytics Rules,financial_analytics,Medium,pass,Validation passed,{'Operating_Margin': np.float64(0.0119)}
AARTI DRUGS LTD,2018,FA-003,Adverse return on equity,Financial Analytics Rules,financial_analytics,Medium,pass,Validation passed,{'ROE': np.float64(0.1807)}
AARTI DRUGS LTD,2018,FA-004,Adverse return on assets,Financial Analytics Rules,financial_analytics,Medium,pass,Validation passed,{'ROA': np.float64(0.0592)}
AARTI DRUGS LTD,2018,FA-005,Adverse debt-to-equity ratio,Financial Analytics Rules,financial_analytics,Medium,skipped,Unavailable metrics: ['Debt_Equity_Ratio'],{}
AARTI DRUGS LTD,2018,FA-006,Adverse debt ratio,Financial Analytics Rules,financial_analytics,Medium,skipped,Unavailable metrics: ['Debt_Ratio'],{}
AARTI DRUGS LTD,2018,FA-007,Adverse equity ratio,Financial Analytics Rules,financial_analytics,Medium,skipped,Unavailable metrics: ['Equity_Ratio'],{}
AARTI DRUGS LTD,2018,FA-008,Adverse interest coverage,Financial Analytics Rules,financial_analytics,Medium,skipped,Unavailable metrics: ['Interest_Coverage_Ratio'],{}
AARTI DRUGS LTD,2018,FA-009,Adverse borrowing dependency,Financial Analytics Rules,financial_analytics,Medium,skipped,Unavailable metrics: ['Borrowing_Dependency_Ratio'],{}
AARTI DRUGS LTD,2018,FA-010,Adverse working capital ratio,Financial Analytics Rules,financial_analytics,Medium,pass,Validation passed,"{'Working_Capital_Ratio': np.float64(0.0031), 'robust_z': None}"
AARTI DRUGS LTD,2018,FA-011,Adverse asset utilization,Financial Analytics Rules,financial_analytics,Medium,skipped,Unavailable metrics: ['Asset_Utilization_Ratio'],{}
AARTI DRUGS LTD,2018,FA-012,Adverse receivable ratio,Financial Analytics Rules,financial_analytics,Medium,pass,Validation passed,"{'Receivable_Ratio': np.float64(0.3015), 'robust_z': None}"
AARTI DRUGS LTD,2018,FA-013,Adverse inventory ratio,Financial Analytics Rules,financial_analytics,Medium,pass,Validation passed,"{'Inventory_Ratio': np.float64(0.2237), 'robust_z': None}"
AARTI DRUGS LTD,2018,FA-014,Adverse expense ratio,Financial Analytics Rules,financial_analytics,Medium,pass,Validation passed,"{'Expense_Ratio': np.float64(0.989), 'robust_z': None}"
AARTI DRUGS LTD,2018,FA-015,Adverse depreciation ratio,Financial Analytics Rules,financial_analytics,Medium,pass,Validation passed,"{'Depreciation_Ratio': np.float64(0.0288), 'robust_z': None}"
AARTI DRUGS LTD,2018,FA-016,Adverse operating-cash-flow ratio,Financial Analytics Rules,financial_analytics,Medium,pass,Validation passed,{'Operating_CF_Ratio': np.float64(0.0561)}
AARTI DRUGS LTD,2018,FA-017,Adverse cash-to-debt ratio,Financial Analytics Rules,financial_analytics,Medium,skipped,Unavailable metrics: ['Cash_To_Debt_Ratio'],{}
AARTI DRUGS LTD,2018,FA-018,Adverse cash margin,Financial Analytics Rules,financial_analytics,Medium,pass,Validation passed,{'Cash_Margin': np.float64(0.8476)}
AARTI DRUGS LTD,2018,FA-019,Adverse revenue growth,Financial Analytics Rules,financial_analytics,High,pass,Validation passed,{'Revenue_Growth': np.float64(0.0405)}
AARTI DRUGS LTD,2018,FA-020,Adverse profit growth,Financial Analytics Rules,financial_analytics,High,pass,Validation passed,{'Profit_Growth': np.float64(0.0062)}
AARTI DRUGS LTD,2018,FA-021,Adverse borrowing growth,Financial Analytics Rules,financial_analytics,High,pass,Validation passed,{'Borrowing_Growth': np.float64(0.1392)}
AARTI DRUGS LTD,2018,FA-022,Adverse asset growth,Financial Analytics Rules,financial_analytics,High,pass,Validation passed,{'Asset_Growth': np.float64(0.1666)}
AARTI DRUGS LTD,2018,FA-023,Adverse reserve growth,Financial Analytics Rules,financial_analytics,High,pass,Validation passed,{'Reserve_Growth': np.float64(0.1477)}
AARTI DRUGS LTD,2018,FA-024,Adverse operating-cash-flow growth,Financial Analytics Rules,financial_analytics,High,fail,Validation triggered,{'Operating_CF_Growth': np.float64(-0.6007)}
AARTI DRUGS LTD,2018,FA-025,Adverse receivable growth,Financial Analytics Rules,financial_analytics,High,pass,Validation passed,{'Receivable_Growth': np.float64(0.2632)}
AARTI DRUGS LTD,2018,FA-026,Adverse inventory growth,Financial Analytics Rules,financial_analytics,High,pass,Validation passed,{'Inventory_Growth': np.float64(0.3271)}
AARTI DRUGS LTD,2018,FA-027,Adverse cash growth,Financial Analytics Rules,financial_analytics,High,pass,Validation passed,{'Cash_Growth': np.float64(0.024)}
AARTI DRUGS LTD,2018,FA-028,Adverse three-year revenue CAGR,Financial Analytics Rules,financial_analytics,Medium,pass,Validation passed,"{'Revenue_CAGR_3Y': np.float64(0.0), 'robust_z': None}"
AARTI DRUGS LTD,2018,FA-029,Adverse three-year profit CAGR,Financial Analytics Rules,financial_analytics,Medium,pass,Validation passed,"{'Profit_CAGR_3Y': np.float64(0.0), 'robust_z': None}"
AARTI DRUGS LTD,2018,FA-030,Adverse revenue volatility,Financial Analytics Rules,financial_analytics,Medium,pass,Validation passed,"{'Revenue_Volatility': np.float64(34.2664), 'robust_z': None}"
AARTI DRUGS LTD,2018,FA-031,Adverse profit volatility,Financial Analytics Rules,financial_analytics,Medium,pass,Validation passed,"{'Profit_Volatility': np.float64(0.3606), 'robust_z': None}"
AARTI DRUGS LTD,2018,FA-032,Adverse operating-cash-flow volatility,Financial Analytics Rules,financial_analytics,Medium,pass,Validation passed,"{'Operating_CF_Volatility': np.float64(74.2321), 'robust_z': None}"
AARTI DRUGS LTD,2018,FA-033,Peer outlier: profit margin,Financial Analytics Rules,financial_analytics,Medium,pass,Validation passed,"{'Profit_Margin': np.float64(0.0662), 'robust_z': None}"
AARTI DRUGS LTD,2018,FA-034,Peer outlier: operating margin,Financial Analytics Rules,financial_analytics,Medium,pass,Validation passed,"{'Operating_Margin': np.float64(0.0119), 'robust_z': None}"
AARTI DRUGS LTD,2018,FA-035,Peer outlier: return on equity,Financial Analytics Rules,financial_analytics,Medium,pass,Validation passed,"{'ROE': np.float64(0.1807), 'robust_z': None}"
AARTI DRUGS LTD,2018,FA-036,Peer outlier: return on assets,Financial Analytics Rules,financial_analytics,Medium,pass,Validation passed,"{'ROA': np.float64(0.0592), 'robust_z': None}"
AARTI DRUGS LTD,2018,FA-037,Peer outlier: debt-to-equity ratio,Financial Analytics Rules,financial_analytics,Medium,skipped,Unavailable metrics: ['Debt_Equity_Ratio'],{}
AARTI DRUGS LTD,2018,FA-038,Peer outlier: debt ratio,Financial Analytics Rules,financial_analytics,Medium,skipped,Unavailable metrics: ['Debt_Ratio'],{}
AARTI DRUGS LTD,2018,FA-039,Peer outlier: equity ratio,Financial Analytics Rules,financial_analytics,Medium,skipped,Unavailable metrics: ['Equity_Ratio'],{}
AARTI DRUGS LTD,2018,FA-040,Peer outlier: interest coverage,Financial Analytics Rules,financial_analytics,Medium,skipped,Unavailable metrics: ['Interest_Coverage_Ratio'],{}
AARTI DRUGS LTD,2018,FA-041,Peer outlier: borrowing dependency,Financial Analytics Rules,financial_analytics,Medium,skipped,Unavailable metrics: ['Borrowing_Dependency_Ratio'],{}
AARTI DRUGS LTD,2018,FA-042,Peer outlier: working capital ratio,Financial Analytics Rules,financial_analytics,Medium,pass,Validation passed,"{'Working_Capital_Ratio': np.float64(0.0031), 'robust_z': None}"
AARTI DRUGS LTD,2018,FA-043,Peer outlier: asset utilization,Financial Analytics Rules,financial_analytics,Medium,skipped,Unavailable metrics: ['Asset_Utilization_Ratio'],{}
AARTI DRUGS LTD,2018,FA-044,Peer outlier: receivable ratio,Financial Analytics Rules,financial_analytics,Medium,pass,Validation passed,"{'Receivable_Ratio': np.float64(0.3015), 'robust_z': None}"
AARTI DRUGS LTD,2018,FA-045,Peer outlier: inventory ratio,Financial Analytics Rules,financial_analytics,Medium,pass,Validation passed,"{'Inventory_Ratio': np.float64(0.2237), 'robust_z': None}"
AARTI DRUGS LTD,2018,FA-046,Peer outlier: expense ratio,Financial Analytics Rules,financial_analytics,Medium,pass,Validation passed,"{'Expense_Ratio': np.float64(0.989), 'robust_z': None}"
AARTI DRUGS LTD,2018,FA-047,Peer outlier: depreciation ratio,Financial Analytics Rules,financial_analytics,Medium,pass,Validation passed,"{'Depreciation_Ratio': np.float64(0.0288), 'robust_z': None}"
AARTI DRUGS LTD,2018,FA-048,Peer outlier: operating-cash-flow ratio,Financial Analytics Rules,financial_analytics,Medium,pass,Validation passed,"{'Operating_CF_Ratio': np.float64(0.0561), 'robust_z': None}"
AARTI DRUGS LTD,2018,FA-049,Peer outlier: cash-to-debt ratio,Financial Analytics Rules,financial_analytics,Medium,skipped,Unavailable metrics: ['Cash_To_Debt_Ratio'],{}
AARTI DRUGS LTD,2018,FA-050,Peer outlier: cash margin,Financial Analytics Rules,financial_analytics,Medium,pass,Validation passed,"{'Cash_Margin': np.float64(0.8476), 'robust_z': None}"
AARTI DRUGS LTD,2018,FA-051,Peer outlier: revenue growth,Financial Analytics Rules,financial_analytics,Medium,pass,Validation passed,"{'Revenue_Growth': np.float64(0.0405), 'robust_z': None}"
AARTI DRUGS LTD,2018,FA-052,Peer outlier: profit growth,Financial Analytics Rules,financial_analytics,Medium,pass,Validation passed,"{'Profit_Growth': np.float64(0.0062), 'robust_z': None}"
AARTI DRUGS LTD,2018,FA-053,Peer outlier: borrowing growth,Financial Analytics Rules,financial_analytics,Medium,pass,Validation passed,"{'Borrowing_Growth': np.float64(0.1392), 'robust_z': None}"
AARTI DRUGS LTD,2018,FA-054,Peer outlier: asset growth,Financial Analytics Rules,financial_analytics,Medium,pass,Validation passed,"{'Asset_Growth': np.float64(0.1666), 'robust_z': None}"
AARTI DRUGS LTD,2018,FA-055,Peer outlier: reserve growth,Financial Analytics Rules,financial_analytics,Medium,pass,Validation passed,"{'Reserve_Growth': np.float64(0.1477), 'robust_z': None}"
AARTI DRUGS LTD,2018,FA-056,Peer outlier: operating-cash-flow growth,Financial Analytics Rules,financial_analytics,Medium,pass,Validation passed,"{'Operating_CF_Growth': np.float64(-0.6007), 'robust_z': None}"
AARTI DRUGS LTD,2018,FA-057,Peer outlier: receivable growth,Financial Analytics Rules,financial_analytics,Medium,pass,Validation passed,"{'Receivable_Growth': np.float64(0.2632), 'robust_z': None}"
AARTI DRUGS LTD,2018,FA-058,Peer outlier: inventory growth,Financial Analytics Rules,financial_analytics,Medium,pass,Validation passed,"{'Inventory_Growth': np.float64(0.3271), 'robust_z': None}"
AARTI DRUGS LTD,2018,FA-059,Peer outlier: cash growth,Financial Analytics Rules,financial_analytics,Medium,pass,Validation passed,"{'Cash_Growth': np.float64(0.024), 'robust_z': None}"
AARTI DRUGS LTD,2018,FA-060,Peer outlier: three-year revenue CAGR,Financial Analytics Rules,financial_analytics,Medium,pass,Validation passed,"{'Revenue_CAGR_3Y': np.float64(0.0), 'robust_z': None}"
AARTI DRUGS LTD,2018,FA-061,Peer outlier: three-year profit CAGR,Financial Analytics Rules,financial_analytics,Medium,pass,Validation passed,"{'Profit_CAGR_3Y': np.float64(0.0), 'robust_z': None}"
AARTI DRUGS LTD,2018,FA-062,Peer outlier: revenue volatility,Financial Analytics Rules,financial_analytics,Medium,pass,Validation passed,"{'Revenue_Volatility': np.float64(34.2664), 'robust_z': None}"
AARTI DRUGS LTD,2018,FA-063,Peer outlier: profit volatility,Financial Analytics Rules,financial_analytics,Medium,pass,Validation passed,"{'Profit_Volatility': np.float64(0.3606), 'robust_z': None}"
AARTI DRUGS LTD,2018,FA-064,Peer outlier: operating-cash-flow volatility,Financial Analytics Rules,financial_analytics,Medium,pass,Validation passed,"{'Operating_CF_Volatility': np.float64(74.2321), 'robust_z': None}"
AARTI DRUGS LTD,2018,FA-065,Unstable trend: profit margin,Financial Analytics Rules,financial_analytics,Medium,pass,Validation passed,"{'Profit_Margin': np.float64(0.0662), 'robust_z': None}"
AARTI DRUGS LTD,2018,FA-066,Unstable trend: operating margin,Financial Analytics Rules,financial_analytics,Medium,pass,Validation passed,"{'Operating_Margin': np.float64(0.0119), 'robust_z': None}"
AARTI DRUGS LTD,2018,FA-067,Unstable trend: return on equity,Financial Analytics Rules,financial_analytics,Medium,pass,Validation passed,"{'ROE': np.float64(0.1807), 'robust_z': None}"
AARTI DRUGS LTD,2018,FA-068,Unstable trend: return on assets,Financial Analytics Rules,financial_analytics,Medium,pass,Validation passed,"{'ROA': np.float64(0.0592), 'robust_z': None}"
AARTI DRUGS LTD,2018,FA-069,Unstable trend: debt-to-equity ratio,Financial Analytics Rules,financial_analytics,Medium,skipped,Unavailable metrics: ['Debt_Equity_Ratio'],{}
AARTI DRUGS LTD,2018,FA-070,Unstable trend: debt ratio,Financial Analytics Rules,financial_analytics,Medium,skipped,Unavailable metrics: ['Debt_Ratio'],{}
AARTI DRUGS LTD,2018,FA-071,Unstable trend: equity ratio,Financial Analytics Rules,financial_analytics,Medium,skipped,Unavailable metrics: ['Equity_Ratio'],{}
AARTI DRUGS LTD,2018,FA-072,Unstable trend: interest coverage,Financial Analytics Rules,financial_analytics,Medium,skipped,Unavailable metrics: ['Interest_Coverage_Ratio'],{}
AARTI DRUGS LTD,2018,FA-073,Unstable trend: borrowing dependency,Financial Analytics Rules,financial_analytics,Medium,skipped,Unavailable metrics: ['Borrowing_Dependency_Ratio'],{}
AARTI DRUGS LTD,2018,FA-074,Unstable trend: working capital ratio,Financial Analytics Rules,financial_analytics,Medium,pass,Validation passed,"{'Working_Capital_Ratio': np.float64(0.0031), 'robust_z': None}"
AARTI DRUGS LTD,2018,FA-075,Unstable trend: asset utilization,Financial Analytics Rules,financial_analytics,Medium,skipped,Unavailable metrics: ['Asset_Utilization_Ratio'],{}
AARTI DRUGS LTD,2018,FA-076,Unstable trend: receivable ratio,Financial Analytics Rules,financial_analytics,Medium,pass,Validation passed,"{'Receivable_Ratio': np.float64(0.3015), 'robust_z': None}"
AARTI DRUGS LTD,2018,FA-077,Unstable trend: inventory ratio,Financial Analytics Rules,financial_analytics,Medium,pass,Validation passed,"{'Inventory_Ratio': np.float64(0.2237), 'robust_z': None}"
AARTI DRUGS LTD,2018,FA-078,Unstable trend: expense ratio,Financial Analytics Rules,financial_analytics,Medium,pass,Validation passed,"{'Expense_Ratio': np.float64(0.989), 'robust_z': None}"
AARTI DRUGS LTD,2018,FA-079,Unstable trend: depreciation ratio,Financial Analytics Rules,financial_analytics,Medium,pass,Validation passed,"{'Depreciation_Ratio': np.float64(0.0288), 'robust_z': None}"
AARTI DRUGS LTD,2018,FA-080,Unstable trend: operating-cash-flow ratio,Financial Analytics Rules,financial_analytics,Medium,pass,Validation passed,"{'Operating_CF_Ratio': np.float64(0.0561), 'robust_z': None}"
AARTI DRUGS LTD,2018,FA-081,Unstable trend: cash-to-debt ratio,Financial Analytics Rules,financial_analytics,Medium,skipped,Unavailable metrics: ['Cash_To_Debt_Ratio'],{}
AARTI DRUGS LTD,2018,FA-082,Unstable trend: cash margin,Financial Analytics Rules,financial_analytics,Medium,pass,Validation passed,"{'Cash_Margin': np.float64(0.8476), 'robust_z': None}"
AARTI DRUGS LTD,2018,FA-083,Unstable trend: revenue growth,Financial Analytics Rules,financial_analytics,Medium,pass,Validation passed,"{'Revenue_Growth': np.float64(0.0405), 'robust_z': None}"
AARTI DRUGS LTD,2018,FA-084,Unstable trend: profit growth,Financial Analytics Rules,financial_analytics,Medium,pass,Validation passed,"{'Profit_Growth': np.float64(0.0062), 'robust_z': None}"
AARTI DRUGS LTD,2018,FA-085,Unstable trend: borrowing growth,Financial Analytics Rules,financial_analytics,Medium,pass,Validation passed,"{'Borrowing_Growth': np.float64(0.1392), 'robust_z': None}"
AARTI DRUGS LTD,2018,FA-086,Unstable trend: asset growth,Financial Analytics Rules,financial_analytics,Medium,pass,Validation passed,"{'Asset_Growth': np.float64(0.1666), 'robust_z': None}"
AARTI DRUGS LTD,2018,FA-087,Unstable trend: reserve growth,Financial Analytics Rules,financial_analytics,Medium,pass,Validation passed,"{'Reserve_Growth': np.float64(0.1477), 'robust_z': None}"
AARTI DRUGS LTD,2018,FA-088,Unstable trend: operating-cash-flow growth,Financial Analytics Rules,financial_analytics,Medium,pass,Validation passed,"{'Operating_CF_Growth': np.float64(-0.6007), 'robust_z': None}"
AARTI DRUGS LTD,2018,FA-089,Unstable trend: receivable growth,Financial Analytics Rules,financial_analytics,Medium,pass,Validation passed,"{'Receivable_Growth': np.float64(0.2632), 'robust_z': None}"
AARTI DRUGS LTD,2018,FA-090,Unstable trend: inventory growth,Financial Analytics Rules,financial_analytics,Medium,pass,Validation passed,"{'Inventory_Growth': np.float64(0.3271), 'robust_z': None}"
AARTI DRUGS LTD,2018,FA-091,Unstable trend: cash growth,Financial Analytics Rules,financial_analytics,Medium,pass,Validation passed,"{'Cash_Growth': np.float64(0.024), 'robust_z': None}"
AARTI DRUGS LTD,2018,FA-092,Unstable trend: three-year revenue CAGR,Financial Analytics Rules,financial_analytics,Medium,pass,Validation passed,"{'Revenue_CAGR_3Y': np.float64(0.0), 'robust_z': None}"
AARTI DRUGS LTD,2018,FA-093,Unstable trend: three-year profit CAGR,Financial Analytics Rules,financial_analytics,Medium,pass,Validation passed,"{'Profit_CAGR_3Y': np.float64(0.0), 'robust_z': None}"
AARTI DRUGS LTD,2018,FA-094,Unstable trend: revenue volatility,Financial Analytics Rules,financial_analytics,Medium,pass,Validation passed,"{'Revenue_Volatility': np.float64(34.2664), 'robust_z': None}"
AARTI DRUGS LTD,2018,FA-095,Unstable trend: profit volatility,Financial Analytics Rules,financial_analytics,Medium,pass,Validation passed,"{'Profit_Volatility': np.float64(0.3606), 'robust_z': None}"
AARTI DRUGS LTD,2018,FA-096,Unstable trend: operating-cash-flow volatility,Financial Analytics Rules,financial_analytics,Medium,pass,Validation passed,"{'Operating_CF_Volatility': np.float64(74.2321), 'robust_z': None}"
AARTI DRUGS LTD,2018,FA-097,Revenue growth with profit decline,Financial Analytics Rules,financial_analytics,High,pass,Validation passed,"{'Revenue_Growth': np.float64(0.0405), 'Profit_Growth': np.float64(0.0062)}"
AARTI DRUGS LTD,2018,FA-098,Revenue growth with operating cash-flow decline,Financial Analytics Rules,financial_analytics,High,fail,Validation triggered,"{'Revenue_Growth': np.float64(0.0405), 'Operating_CF_Growth': np.float64(-0.6007)}"
AARTI DRUGS LTD,2018,FA-099,Receivables growth exceeding revenue growth,Financial Analytics Rules,financial_analytics,High,pass,Validation passed,"{'Receivable_Growth': np.float64(0.2632), 'Revenue_Growth': np.float64(0.0405)}"
AARTI DRUGS LTD,2018,FA-100,Inventory growth with revenue decline,Financial Analytics Rules,financial_analytics,High,pass,Validation passed,"{'Inventory_Growth': np.float64(0.3271), 'Revenue_Growth': np.float64(0.0405)}"
AARTI DRUGS LTD,2018,FA-101,Borrowing growth with cash decline,Financial Analytics Rules,financial_analytics,High,pass,Validation passed,"{'Borrowing_Growth': np.float64(0.1392), 'Cash_Growth': np.float64(0.024)}"
AARTI DRUGS LTD,2018,FA-102,Borrowing growth with flat revenue,Financial Analytics Rules,financial_analytics,High,pass,Validation passed,"{'Borrowing_Growth': np.float64(0.1392), 'Revenue_Growth': np.float64(0.0405)}"
AARTI DRUGS LTD,2018,FA-103,Revenue growth with operating-margin decline,Financial Analytics Rules,financial_analytics,High,pass,Validation passed,"{'Revenue_Growth': np.float64(0.0405), 'Operating_Margin': np.float64(0.0119)}"
AARTI DRUGS LTD,2018,FA-104,Profit growth with cash decline,Financial Analytics Rules,financial_analytics,High,pass,Validation passed,"{'Profit_Growth': np.float64(0.0062), 'Cash_Growth': np.float64(0.024)}"
AARTI DRUGS LTD,2018,FA-105,Debt growth with interest-coverage decline,Financial Analytics Rules,financial_analytics,High,skipped,Unavailable metrics: ['Interest_Coverage_Ratio'],{}
AARTI DRUGS LTD,2018,FA-106,Operating cash flow below net profit,Financial Analytics Rules,financial_analytics,High,fail,Validation triggered,"{'Cash from Operating Activity': np.float64(69.77), 'Net profit': np.float64(82.31)}"
AARTI DRUGS LTD,2018,FA-107,Cash decline amid positive operating cash flow,Financial Analytics Rules,financial_analytics,Medium,pass,Validation passed,"{'Cash_Growth': np.float64(0.024), 'Cash from Operating Activity': np.float64(69.77)}"
AARTI DRUGS LTD,2018,FA-108,Cash-flow composition outlier,Financial Analytics Rules,financial_analytics,Medium,pass,Validation passed,"{'Cash from Operating Activity': np.float64(69.77), 'Cash from Investing Activity': np.float64(-73.54), 'Cash from Financing Activity': np.float64(3.92)}"
AARTI DRUGS LTD,2018,IS-002,Gross margin consistency,Handbook Rules,trend,Medium,skipped,Unavailable metrics: ['gross_margin'],{}
AARTI DRUGS LTD,2018,IS-007,Interest expense reasonableness,Handbook Rules,analytical,Medium,pass,Validation passed,"{'Interest': np.float64(38.36), 'Borrowings': np.float64(546.25)}"
AARTI DRUGS LTD,2018,IS-008,Effective tax rate reasonableness,Handbook Rules,analytical,Medium,skipped,Unavailable metrics: ['effective_tax_rate'],{}
AARTI DRUGS LTD,2018,IS-010,Unusual expense spike detection,Handbook Rules,trend,High,skipped,Unavailable metrics: ['Total Expenses'],{}
AARTI DRUGS LTD,2018,IS-011,Revenue versus operating cash flow correlation,Handbook Rules,cross_statement,High,fail,Validation triggered,"{'Revenue_Growth': np.float64(0.0405), 'Operating_CF_Growth': np.float64(-0.6007)}"
AARTI DRUGS LTD,2018,IS-013,Net income to reserve movement plausibility,Handbook Rules,cross_statement,Critical,fail,Validation triggered,"{'Net profit': np.float64(82.31), 'Dividend Amount': np.float64(2.36), 'Reserves': np.float64(431.85)}"
AARTI DRUGS LTD,2018,IS-016,Depreciation expense consistency,Handbook Rules,trend,Medium,pass,Validation passed,"{'Depreciation_Ratio': np.float64(0.0288), 'robust_z': None}"
AARTI DRUGS LTD,2018,LED-001,Accounting equation,Handbook Rules,integrity,Critical,pass,Validation passed,"{'Total Assets': np.float64(1389.42), 'Total Liabilities': np.float64(1389.42), 'Equity Share Capital': np.float64(23.58), 'Reserves': np.float64(431.85)}"
AARTI DRUGS LTD,2018,RAT-005,Debt-to-equity ratio,Handbook Rules,ratio,High,skipped,Unavailable metrics: ['Debt_Equity_Ratio'],{}
AARTI DRUGS LTD,2018,RAT-006,Debt-to-assets ratio,Handbook Rules,ratio,High,skipped,Unavailable metrics: ['Debt_Ratio'],{}
AARTI DRUGS LTD,2018,RAT-007,Equity ratio,Handbook Rules,ratio,High,skipped,Unavailable metrics: ['Equity_Ratio'],{}
AARTI DRUGS LTD,2018,RAT-008,Interest coverage ratio,Handbook Rules,ratio,High,skipped,Unavailable metrics: ['Interest_Coverage_Ratio'],{}
AARTI DRUGS LTD,2018,RAT-010,Gross profit margin trend,Handbook Rules,trend,Medium,skipped,Unavailable metrics: ['gross_margin'],{}
AARTI DRUGS LTD,2018,RAT-011,Net profit margin trend,Handbook Rules,trend,Medium,skipped,Insufficient history for Profit_Margin,{'Profit_Margin': np.float64(0.0662)}
AARTI DRUGS LTD,2018,RAT-012,Operating margin trend,Handbook Rules,trend,Medium,skipped,Insufficient history for Operating_Margin,{'Operating_Margin': np.float64(0.0119)}
AARTI DRUGS LTD,2018,RAT-014,Return on assets outlier,Handbook Rules,ratio,Medium,pass,Validation passed,"{'ROA': np.float64(0.0592), 'robust_z': None}"
AARTI DRUGS LTD,2018,RAT-015,Return on equity outlier,Handbook Rules,ratio,Medium,pass,Validation passed,"{'ROE': np.float64(0.1807), 'robust_z': None}"
AARTI DRUGS LTD,2018,RAT-017,Asset turnover outlier,Handbook Rules,ratio,Medium,skipped,Unavailable metrics: ['Asset_Utilization_Ratio'],{}
AARTI DRUGS LTD,2018,RAT-018,Inventory turnover outlier,Handbook Rules,ratio,Medium,skipped,Unavailable metrics: ['inventory_turnover'],{}
AARTI DRUGS LTD,2018,RAT-019,Receivables turnover outlier,Handbook Rules,ratio,Medium,skipped,Unavailable metrics: ['receivables_turnover'],{}
AARTI DRUGS LTD,2018,RAT-020,Days sales outstanding trend,Handbook Rules,trend,Medium,skipped,Unavailable metrics: ['dso'],{}
AARTI DRUGS LTD,2018,RAT-022,Days inventory outstanding trend,Handbook Rules,trend,Medium,skipped,Unavailable metrics: ['dio'],{}
AARTI DRUGS LTD,2018,RAT-024,Revenue growth rate,Handbook Rules,trend,Medium,pass,Validation passed,{'Revenue_Growth': np.float64(0.0405)}
AARTI DRUGS LTD,2018,TR-001,Year-over-year revenue variance,Handbook Rules,trend,Medium,pass,Validation passed,"{'Revenue_Growth': np.float64(0.0405), 'robust_z': None}"
AARTI DRUGS LTD,2018,TR-002,Year-over-year expense variance,Handbook Rules,trend,Medium,skipped,Unavailable metrics: ['Total Expenses'],{}
AARTI DRUGS LTD,2018,TR-003,Multi-year trend consistency,Handbook Rules,trend,Medium,pass,Validation passed,"{'Revenue_Volatility': np.float64(34.2664), 'robust_z': None}"
AARTI DRUGS LTD,2018,TR-006,Common-size statement analysis,Handbook Rules,trend,Medium,pass,Validation passed,"{'Expense_Ratio': np.float64(0.989), 'robust_z': None}"
AARTI DRUGS LTD,2018,TR-009,Margin trend stability,Handbook Rules,trend,Medium,pass,Validation passed,"{'Profit_Margin': np.float64(0.0662), 'Operating_Margin': np.float64(0.0119), 'robust_z': None}"
AARTI DRUGS LTD,2019,BS-001,Balance sheet equation,Handbook Rules,integrity,Critical,pass,Validation passed,"{'Total Assets': np.float64(1455.49), 'Total Liabilities': np.float64(1455.49), 'Equity Share Capital': np.float64(23.58), 'Reserves': np.float64(519.86)}"
AARTI DRUGS LTD,2019,BS-009,Negative total equity,Handbook Rules,solvency,High,pass,Validation passed,"{'Equity Share Capital': np.float64(23.58), 'Reserves': np.float64(519.86)}"
AARTI DRUGS LTD,2019,CF-002,Cash flow to cash-balance tie-out,Handbook Rules,integrity,Critical,fail,Validation triggered,"{'Cash & Bank': np.float64(5.55), 'Net Cash Flow': np.float64(1.35)}"
AARTI DRUGS LTD,2019,CF-004,Financing activity plausibility,Handbook Rules,cross_statement,High,pass,Validation passed,"{'Borrowings': np.float64(507.21), 'Dividend Amount': np.float64(2.36), 'Cash from Financing Activity': np.float64(-80.07)}"
AARTI DRUGS LTD,2019,CF-006,Depreciation non-cash adjustment plausibility,Handbook Rules,cross_statement,High,pass,Validation passed,"{'Net profit': np.float64(89.75), 'Depreciation': np.float64(42.56), 'Cash from Operating Activity': np.float64(143.09)}"
AARTI DRUGS LTD,2019,CF-008,Sustained negative operating cash flow,Handbook Rules,trend,High,pass,Validation passed,{'Cash from Operating Activity': np.float64(143.09)}
AARTI DRUGS LTD,2019,CF-009,Cash flow versus net income divergence,Handbook Rules,cross_statement,High,pass,Validation passed,"{'Operating_CF_Ratio': np.float64(0.0917), 'robust_z': None}"
AARTI DRUGS LTD,2019,CF-010,Dividend versus reserves,Handbook Rules,solvency,High,pass,Validation passed,"{'Dividend Amount': np.float64(2.36), 'Reserves': np.float64(519.86)}"
AARTI DRUGS LTD,2019,DV-004,Mandatory field completeness,Handbook Rules,data_completeness,Critical,pass,Validation passed,"{'Company': 'AARTI DRUGS LTD', 'Year': np.int64(2019)}"
AARTI DRUGS LTD,2019,DV-007,Numeric financial value validation,Handbook Rules,data_completeness,High,pass,Validation passed,{}
AARTI DRUGS LTD,2019,DV-008,Unexpected negative cash or inventory,Handbook Rules,data_quality,Medium,pass,Validation passed,"{'Cash & Bank': np.float64(5.55), 'Inventory': np.float64(246.61)}"
AARTI DRUGS LTD,2019,DV-012,Input schema validation,Handbook Rules,data_completeness,High,pass,Validation passed,{}
AARTI DRUGS LTD,2019,DV-015,Statistical outlier screening,Handbook Rules,analytical,Medium,pass,Validation passed,"{'Sales': np.float64(1560.94), 'robust_z': None}"
AARTI DRUGS LTD,2019,DV-018,Reporting date consistency,Handbook Rules,data_completeness,Medium,skipped,Unavailable metrics: ['Report Date'],{}
AARTI DRUGS LTD,2019,FA-001,Adverse profit margin,Financial Analytics Rules,financial_analytics,Medium,pass,Validation passed,{'Profit_Margin': np.float64(0.0575)}
AARTI DRUGS LTD,2019,FA-002,Adverse operating margin,Financial Analytics Rules,financial_analytics,Medium,pass,Validation passed,{'Operating_Margin': np.float64(0.1055)}
AARTI DRUGS LTD,2019,FA-003,Adverse return on equity,Financial Analytics Rules,financial_analytics,Medium,pass,Validation passed,{'ROE': np.float64(0.1652)}
AARTI DRUGS LTD,2019,FA-004,Adverse return on assets,Financial Analytics Rules,financial_analytics,Medium,pass,Validation passed,{'ROA': np.float64(0.0617)}
AARTI DRUGS LTD,2019,FA-005,Adverse debt-to-equity ratio,Financial Analytics Rules,financial_analytics,Medium,skipped,Unavailable metrics: ['Debt_Equity_Ratio'],{}
AARTI DRUGS LTD,2019,FA-006,Adverse debt ratio,Financial Analytics Rules,financial_analytics,Medium,skipped,Unavailable metrics: ['Debt_Ratio'],{}
AARTI DRUGS LTD,2019,FA-007,Adverse equity ratio,Financial Analytics Rules,financial_analytics,Medium,skipped,Unavailable metrics: ['Equity_Ratio'],{}
AARTI DRUGS LTD,2019,FA-008,Adverse interest coverage,Financial Analytics Rules,financial_analytics,Medium,skipped,Unavailable metrics: ['Interest_Coverage_Ratio'],{}
AARTI DRUGS LTD,2019,FA-009,Adverse borrowing dependency,Financial Analytics Rules,financial_analytics,Medium,skipped,Unavailable metrics: ['Borrowing_Dependency_Ratio'],{}
AARTI DRUGS LTD,2019,FA-010,Adverse working capital ratio,Financial Analytics Rules,financial_analytics,Medium,pass,Validation passed,"{'Working_Capital_Ratio': np.float64(0.0038), 'robust_z': None}"
AARTI DRUGS LTD,2019,FA-011,Adverse asset utilization,Financial Analytics Rules,financial_analytics,Medium,skipped,Unavailable metrics: ['Asset_Utilization_Ratio'],{}
AARTI DRUGS LTD,2019,FA-012,Adverse receivable ratio,Financial Analytics Rules,financial_analytics,Medium,pass,Validation passed,"{'Receivable_Ratio': np.float64(0.2938), 'robust_z': None}"
AARTI DRUGS LTD,2019,FA-013,Adverse inventory ratio,Financial Analytics Rules,financial_analytics,Medium,pass,Validation passed,"{'Inventory_Ratio': np.float64(0.158), 'robust_z': None}"
AARTI DRUGS LTD,2019,FA-014,Adverse expense ratio,Financial Analytics Rules,financial_analytics,Medium,pass,Validation passed,"{'Expense_Ratio': np.float64(0.8985), 'robust_z': None}"
AARTI DRUGS LTD,2019,FA-015,Adverse depreciation ratio,Financial Analytics Rules,financial_analytics,Medium,pass,Validation passed,"{'Depreciation_Ratio': np.float64(0.0292), 'robust_z': None}"
AARTI DRUGS LTD,2019,FA-016,Adverse operating-cash-flow ratio,Financial Analytics Rules,financial_analytics,Medium,pass,Validation passed,{'Operating_CF_Ratio': np.float64(0.0917)}
AARTI DRUGS LTD,2019,FA-017,Adverse cash-to-debt ratio,Financial Analytics Rules,financial_analytics,Medium,skipped,Unavailable metrics: ['Cash_To_Debt_Ratio'],{}
AARTI DRUGS LTD,2019,FA-018,Adverse cash margin,Financial Analytics Rules,financial_analytics,Medium,pass,Validation passed,{'Cash_Margin': np.float64(1.5943)}
AARTI DRUGS LTD,2019,FA-019,Adverse revenue growth,Financial Analytics Rules,financial_analytics,High,pass,Validation passed,{'Revenue_Growth': np.float64(0.2551)}
AARTI DRUGS LTD,2019,FA-020,Adverse profit growth,Financial Analytics Rules,financial_analytics,High,pass,Validation passed,{'Profit_Growth': np.float64(0.0904)}
AARTI DRUGS LTD,2019,FA-021,Adverse borrowing growth,Financial Analytics Rules,financial_analytics,High,fail,Validation triggered,{'Borrowing_Growth': np.float64(-0.0715)}
AARTI DRUGS LTD,2019,FA-022,Adverse asset growth,Financial Analytics Rules,financial_analytics,High,pass,Validation passed,{'Asset_Growth': np.float64(0.0476)}
AARTI DRUGS LTD,2019,FA-023,Adverse reserve growth,Financial Analytics Rules,financial_analytics,High,pass,Validation passed,{'Reserve_Growth': np.float64(0.2038)}
AARTI DRUGS LTD,2019,FA-024,Adverse operating-cash-flow growth,Financial Analytics Rules,financial_analytics,High,pass,Validation passed,{'Operating_CF_Growth': np.float64(1.0509)}
AARTI DRUGS LTD,2019,FA-025,Adverse receivable growth,Financial Analytics Rules,financial_analytics,High,pass,Validation passed,{'Receivable_Growth': np.float64(0.223)}
AARTI DRUGS LTD,2019,FA-026,Adverse inventory growth,Financial Analytics Rules,financial_analytics,High,fail,Validation triggered,{'Inventory_Growth': np.float64(-0.1136)}
AARTI DRUGS LTD,2019,FA-027,Adverse cash growth,Financial Analytics Rules,financial_analytics,High,pass,Validation passed,{'Cash_Growth': np.float64(0.2998)}
AARTI DRUGS LTD,2019,FA-028,Adverse three-year revenue CAGR,Financial Analytics Rules,financial_analytics,Medium,pass,Validation passed,"{'Revenue_CAGR_3Y': np.float64(0.0), 'robust_z': None}"
AARTI DRUGS LTD,2019,FA-029,Adverse three-year profit CAGR,Financial Analytics Rules,financial_analytics,Medium,pass,Validation passed,"{'Profit_CAGR_3Y': np.float64(0.0), 'robust_z': None}"
AARTI DRUGS LTD,2019,FA-030,Adverse revenue volatility,Financial Analytics Rules,financial_analytics,Medium,pass,Validation passed,"{'Revenue_Volatility': np.float64(198.6713), 'robust_z': None}"
AARTI DRUGS LTD,2019,FA-031,Adverse profit volatility,Financial Analytics Rules,financial_analytics,Medium,pass,Validation passed,"{'Profit_Volatility': np.float64(4.45), 'robust_z': None}"
AARTI DRUGS LTD,2019,FA-032,Adverse operating-cash-flow volatility,Financial Analytics Rules,financial_analytics,Medium,pass,Validation passed,"{'Operating_CF_Volatility': np.float64(53.8501), 'robust_z': None}"
AARTI DRUGS LTD,2019,FA-033,Peer outlier: profit margin,Financial Analytics Rules,financial_analytics,Medium,pass,Validation passed,"{'Profit_Margin': np.float64(0.0575), 'robust_z': None}"
AARTI DRUGS LTD,2019,FA-034,Peer outlier: operating margin,Financial Analytics Rules,financial_analytics,Medium,pass,Validation passed,"{'Operating_Margin': np.float64(0.1055), 'robust_z': None}"
AARTI DRUGS LTD,2019,FA-035,Peer outlier: return on equity,Financial Analytics Rules,financial_analytics,Medium,pass,Validation passed,"{'ROE': np.float64(0.1652), 'robust_z': None}"
AARTI DRUGS LTD,2019,FA-036,Peer outlier: return on assets,Financial Analytics Rules,financial_analytics,Medium,pass,Validation passed,"{'ROA': np.float64(0.0617), 'robust_z': None}"
AARTI DRUGS LTD,2019,FA-037,Peer outlier: debt-to-equity ratio,Financial Analytics Rules,financial_analytics,Medium,skipped,Unavailable metrics: ['Debt_Equity_Ratio'],{}
AARTI DRUGS LTD,2019,FA-038,Peer outlier: debt ratio,Financial Analytics Rules,financial_analytics,Medium,skipped,Unavailable metrics: ['Debt_Ratio'],{}
AARTI DRUGS LTD,2019,FA-039,Peer outlier: equity ratio,Financial Analytics Rules,financial_analytics,Medium,skipped,Unavailable metrics: ['Equity_Ratio'],{}
AARTI DRUGS LTD,2019,FA-040,Peer outlier: interest coverage,Financial Analytics Rules,financial_analytics,Medium,skipped,Unavailable metrics: ['Interest_Coverage_Ratio'],{}
AARTI DRUGS LTD,2019,FA-041,Peer outlier: borrowing dependency,Financial Analytics Rules,financial_analytics,Medium,skipped,Unavailable metrics: ['Borrowing_Dependency_Ratio'],{}
AARTI DRUGS LTD,2019,FA-042,Peer outlier: working capital ratio,Financial Analytics Rules,financial_analytics,Medium,pass,Validation passed,"{'Working_Capital_Ratio': np.float64(0.0038), 'robust_z': None}"
AARTI DRUGS LTD,2019,FA-043,Peer outlier: asset utilization,Financial Analytics Rules,financial_analytics,Medium,skipped,Unavailable metrics: ['Asset_Utilization_Ratio'],{}
AARTI DRUGS LTD,2019,FA-044,Peer outlier: receivable ratio,Financial Analytics Rules,financial_analytics,Medium,pass,Validation passed,"{'Receivable_Ratio': np.float64(0.2938), 'robust_z': None}"
AARTI DRUGS LTD,2019,FA-045,Peer outlier: inventory ratio,Financial Analytics Rules,financial_analytics,Medium,pass,Validation passed,"{'Inventory_Ratio': np.float64(0.158), 'robust_z': None}"
AARTI DRUGS LTD,2019,FA-046,Peer outlier: expense ratio,Financial Analytics Rules,financial_analytics,Medium,pass,Validation passed,"{'Expense_Ratio': np.float64(0.8985), 'robust_z': None}"
AARTI DRUGS LTD,2019,FA-047,Peer outlier: depreciation ratio,Financial Analytics Rules,financial_analytics,Medium,pass,Validation passed,"{'Depreciation_Ratio': np.float64(0.0292), 'robust_z': None}"
AARTI DRUGS LTD,2019,FA-048,Peer outlier: operating-cash-flow ratio,Financial Analytics Rules,financial_analytics,Medium,pass,Validation passed,"{'Operating_CF_Ratio': np.float64(0.0917), 'robust_z': None}"
AARTI DRUGS LTD,2019,FA-049,Peer outlier: cash-to-debt ratio,Financial Analytics Rules,financial_analytics,Medium,skipped,Unavailable metrics: ['Cash_To_Debt_Ratio'],{}
AARTI DRUGS LTD,2019,FA-050,Peer outlier: cash margin,Financial Analytics Rules,financial_analytics,Medium,pass,Validation passed,"{'Cash_Margin': np.float64(1.5943), 'robust_z': None}"
AARTI DRUGS LTD,2019,FA-051,Peer outlier: revenue growth,Financial Analytics Rules,financial_analytics,Medium,pass,Validation passed,"{'Revenue_Growth': np.float64(0.2551), 'robust_z': None}"
AARTI DRUGS LTD,2019,FA-052,Peer outlier: profit growth,Financial Analytics Rules,financial_analytics,Medium,pass,Validation passed,"{'Profit_Growth': np.float64(0.0904), 'robust_z': None}"
AARTI DRUGS LTD,2019,FA-053,Peer outlier: borrowing growth,Financial Analytics Rules,financial_analytics,Medium,pass,Validation passed,"{'Borrowing_Growth': np.float64(-0.0715), 'robust_z': None}"
AARTI DRUGS LTD,2019,FA-054,Peer outlier: asset growth,Financial Analytics Rules,financial_analytics,Medium,pass,Validation passed,"{'Asset_Growth': np.float64(0.0476), 'robust_z': None}"
AARTI DRUGS LTD,2019,FA-055,Peer outlier: reserve growth,Financial Analytics Rules,financial_analytics,Medium,pass,Validation passed,"{'Reserve_Growth': np.float64(0.2038), 'robust_z': None}"
AARTI DRUGS LTD,2019,FA-056,Peer outlier: operating-cash-flow growth,Financial Analytics Rules,financial_analytics,Medium,pass,Validation passed,"{'Operating_CF_Growth': np.float64(1.0509), 'robust_z': None}"
AARTI DRUGS LTD,2019,FA-057,Peer outlier: receivable growth,Financial Analytics Rules,financial_analytics,Medium,pass,Validation passed,"{'Receivable_Growth': np.float64(0.223), 'robust_z': None}"
AARTI DRUGS LTD,2019,FA-058,Peer outlier: inventory growth,Financial Analytics Rules,financial_analytics,Medium,pass,Validation passed,"{'Inventory_Growth': np.float64(-0.1136), 'robust_z': None}"
AARTI DRUGS LTD,2019,FA-059,Peer outlier: cash growth,Financial Analytics Rules,financial_analytics,Medium,pass,Validation passed,"{'Cash_Growth': np.float64(0.2998), 'robust_z': None}"
AARTI DRUGS LTD,2019,FA-060,Peer outlier: three-year revenue CAGR,Financial Analytics Rules,financial_analytics,Medium,pass,Validation passed,"{'Revenue_CAGR_3Y': np.float64(0.0), 'robust_z': None}"
AARTI DRUGS LTD,2019,FA-061,Peer outlier: three-year profit CAGR,Financial Analytics Rules,financial_analytics,Medium,pass,Validation passed,"{'Profit_CAGR_3Y': np.float64(0.0), 'robust_z': None}"
AARTI DRUGS LTD,2019,FA-062,Peer outlier: revenue volatility,Financial Analytics Rules,financial_analytics,Medium,pass,Validation passed,"{'Revenue_Volatility': np.float64(198.6713), 'robust_z': None}"
AARTI DRUGS LTD,2019,FA-063,Peer outlier: profit volatility,Financial Analytics Rules,financial_analytics,Medium,pass,Validation passed,"{'Profit_Volatility': np.float64(4.45), 'robust_z': None}"
AARTI DRUGS LTD,2019,FA-064,Peer outlier: operating-cash-flow volatility,Financial Analytics Rules,financial_analytics,Medium,pass,Validation passed,"{'Operating_CF_Volatility': np.float64(53.8501), 'robust_z': None}"
AARTI DRUGS LTD,2019,FA-065,Unstable trend: profit margin,Financial Analytics Rules,financial_analytics,Medium,pass,Validation passed,"{'Profit_Margin': np.float64(0.0575), 'robust_z': None}"
AARTI DRUGS LTD,2019,FA-066,Unstable trend: operating margin,Financial Analytics Rules,financial_analytics,Medium,pass,Validation passed,"{'Operating_Margin': np.float64(0.1055), 'robust_z': None}"
AARTI DRUGS LTD,2019,FA-067,Unstable trend: return on equity,Financial Analytics Rules,financial_analytics,Medium,pass,Validation passed,"{'ROE': np.float64(0.1652), 'robust_z': None}"
AARTI DRUGS LTD,2019,FA-068,Unstable trend: return on assets,Financial Analytics Rules,financial_analytics,Medium,pass,Validation passed,"{'ROA': np.float64(0.0617), 'robust_z': None}"
AARTI DRUGS LTD,2019,FA-069,Unstable trend: debt-to-equity ratio,Financial Analytics Rules,financial_analytics,Medium,skipped,Unavailable metrics: ['Debt_Equity_Ratio'],{}
AARTI DRUGS LTD,2019,FA-070,Unstable trend: debt ratio,Financial Analytics Rules,financial_analytics,Medium,skipped,Unavailable metrics: ['Debt_Ratio'],{}
AARTI DRUGS LTD,2019,FA-071,Unstable trend: equity ratio,Financial Analytics Rules,financial_analytics,Medium,skipped,Unavailable metrics: ['Equity_Ratio'],{}
AARTI DRUGS LTD,2019,FA-072,Unstable trend: interest coverage,Financial Analytics Rules,financial_analytics,Medium,skipped,Unavailable metrics: ['Interest_Coverage_Ratio'],{}
AARTI DRUGS LTD,2019,FA-073,Unstable trend: borrowing dependency,Financial Analytics Rules,financial_analytics,Medium,skipped,Unavailable metrics: ['Borrowing_Dependency_Ratio'],{}
AARTI DRUGS LTD,2019,FA-074,Unstable trend: working capital ratio,Financial Analytics Rules,financial_analytics,Medium,pass,Validation passed,"{'Working_Capital_Ratio': np.float64(0.0038), 'robust_z': None}"
AARTI DRUGS LTD,2019,FA-075,Unstable trend: asset utilization,Financial Analytics Rules,financial_analytics,Medium,skipped,Unavailable metrics: ['Asset_Utilization_Ratio'],{}
AARTI DRUGS LTD,2019,FA-076,Unstable trend: receivable ratio,Financial Analytics Rules,financial_analytics,Medium,pass,Validation passed,"{'Receivable_Ratio': np.float64(0.2938), 'robust_z': None}"
AARTI DRUGS LTD,2019,FA-077,Unstable trend: inventory ratio,Financial Analytics Rules,financial_analytics,Medium,pass,Validation passed,"{'Inventory_Ratio': np.float64(0.158), 'robust_z': None}"
AARTI DRUGS LTD,2019,FA-078,Unstable trend: expense ratio,Financial Analytics Rules,financial_analytics,Medium,pass,Validation passed,"{'Expense_Ratio': np.float64(0.8985), 'robust_z': None}"
AARTI DRUGS LTD,2019,FA-079,Unstable trend: depreciation ratio,Financial Analytics Rules,financial_analytics,Medium,pass,Validation passed,"{'Depreciation_Ratio': np.float64(0.0292), 'robust_z': None}"
AARTI DRUGS LTD,2019,FA-080,Unstable trend: operating-cash-flow ratio,Financial Analytics Rules,financial_analytics,Medium,pass,Validation passed,"{'Operating_CF_Ratio': np.float64(0.0917), 'robust_z': None}"
AARTI DRUGS LTD,2019,FA-081,Unstable trend: cash-to-debt ratio,Financial Analytics Rules,financial_analytics,Medium,skipped,Unavailable metrics: ['Cash_To_Debt_Ratio'],{}
AARTI DRUGS LTD,2019,FA-082,Unstable trend: cash margin,Financial Analytics Rules,financial_analytics,Medium,pass,Validation passed,"{'Cash_Margin': np.float64(1.5943), 'robust_z': None}"
AARTI DRUGS LTD,2019,FA-083,Unstable trend: revenue growth,Financial Analytics Rules,financial_analytics,Medium,pass,Validation passed,"{'Revenue_Growth': np.float64(0.2551), 'robust_z': None}"
AARTI DRUGS LTD,2019,FA-084,Unstable trend: profit growth,Financial Analytics Rules,financial_analytics,Medium,pass,Validation passed,"{'Profit_Growth': np.float64(0.0904), 'robust_z': None}"
AARTI DRUGS LTD,2019,FA-085,Unstable trend: borrowing growth,Financial Analytics Rules,financial_analytics,Medium,pass,Validation passed,"{'Borrowing_Growth': np.float64(-0.0715), 'robust_z': None}"
AARTI DRUGS LTD,2019,FA-086,Unstable trend: asset growth,Financial Analytics Rules,financial_analytics,Medium,pass,Validation passed,"{'Asset_Growth': np.float64(0.0476), 'robust_z': None}"
AARTI DRUGS LTD,2019,FA-087,Unstable trend: reserve growth,Financial Analytics Rules,financial_analytics,Medium,pass,Validation passed,"{'Reserve_Growth': np.float64(0.2038), 'robust_z': None}"
AARTI DRUGS LTD,2019,FA-088,Unstable trend: operating-cash-flow growth,Financial Analytics Rules,financial_analytics,Medium,pass,Validation passed,"{'Operating_CF_Growth': np.float64(1.0509), 'robust_z': None}"
AARTI DRUGS LTD,2019,FA-089,Unstable trend: receivable growth,Financial Analytics Rules,financial_analytics,Medium,pass,Validation passed,"{'Receivable_Growth': np.float64(0.223), 'robust_z': None}"
AARTI DRUGS LTD,2019,FA-090,Unstable trend: inventory growth,Financial Analytics Rules,financial_analytics,Medium,pass,Validation passed,"{'Inventory_Growth': np.float64(-0.1136), 'robust_z': None}"
AARTI DRUGS LTD,2019,FA-091,Unstable trend: cash growth,Financial Analytics Rules,financial_analytics,Medium,pass,Validation passed,"{'Cash_Growth': np.float64(0.2998), 'robust_z': None}"
AARTI DRUGS LTD,2019,FA-092,Unstable trend: three-year revenue CAGR,Financial Analytics Rules,financial_analytics,Medium,pass,Validation passed,"{'Revenue_CAGR_3Y': np.float64(0.0), 'robust_z': None}"
AARTI DRUGS LTD,2019,FA-093,Unstable trend: three-year profit CAGR,Financial Analytics Rules,financial_analytics,Medium,pass,Validation passed,"{'Profit_CAGR_3Y': np.float64(0.0), 'robust_z': None}"
AARTI DRUGS LTD,2019,FA-094,Unstable trend: revenue volatility,Financial Analytics Rules,financial_analytics,Medium,pass,Validation passed,"{'Revenue_Volatility': np.float64(198.6713), 'robust_z': None}"
AARTI DRUGS LTD,2019,FA-095,Unstable trend: profit volatility,Financial Analytics Rules,financial_analytics,Medium,pass,Validation passed,"{'Profit_Volatility': np.float64(4.45), 'robust_z': None}"
AARTI DRUGS LTD,2019,FA-096,Unstable trend: operating-cash-flow volatility,Financial Analytics Rules,financial_analytics,Medium,pass,Validation passed,"{'Operating_CF_Volatility': np.float64(53.8501), 'robust_z': None}"
AARTI DRUGS LTD,2019,FA-097,Revenue growth with profit decline,Financial Analytics Rules,financial_analytics,High,pass,Validation passed,"{'Revenue_Growth': np.float64(0.2551), 'Profit_Growth': np.float64(0.0904)}"
AARTI DRUGS LTD,2019,FA-098,Revenue growth with operating cash-flow decline,Financial Analytics Rules,financial_analytics,High,pass,Validation passed,"{'Revenue_Growth': np.float64(0.2551), 'Operating_CF_Growth': np.float64(1.0509)}"
AARTI DRUGS LTD,2019,FA-099,Receivables growth exceeding revenue growth,Financial Analytics Rules,financial_analytics,High,pass,Validation passed,"{'Receivable_Growth': np.float64(0.223), 'Revenue_Growth': np.float64(0.2551)}"
AARTI DRUGS LTD,2019,FA-100,Inventory growth with revenue decline,Financial Analytics Rules,financial_analytics,High,pass,Validation passed,"{'Inventory_Growth': np.float64(-0.1136), 'Revenue_Growth': np.float64(0.2551)}"
AARTI DRUGS LTD,2019,FA-101,Borrowing growth with cash decline,Financial Analytics Rules,financial_analytics,High,pass,Validation passed,"{'Borrowing_Growth': np.float64(-0.0715), 'Cash_Growth': np.float64(0.2998)}"
AARTI DRUGS LTD,2019,FA-102,Borrowing growth with flat revenue,Financial Analytics Rules,financial_analytics,High,pass,Validation passed,"{'Borrowing_Growth': np.float64(-0.0715), 'Revenue_Growth': np.float64(0.2551)}"
AARTI DRUGS LTD,2019,FA-103,Revenue growth with operating-margin decline,Financial Analytics Rules,financial_analytics,High,pass,Validation passed,"{'Revenue_Growth': np.float64(0.2551), 'Operating_Margin': np.float64(0.1055)}"
AARTI DRUGS LTD,2019,FA-104,Profit growth with cash decline,Financial Analytics Rules,financial_analytics,High,pass,Validation passed,"{'Profit_Growth': np.float64(0.0904), 'Cash_Growth': np.float64(0.2998)}"
AARTI DRUGS LTD,2019,FA-105,Debt growth with interest-coverage decline,Financial Analytics Rules,financial_analytics,High,skipped,Unavailable metrics: ['Interest_Coverage_Ratio'],{}
AARTI DRUGS LTD,2019,FA-106,Operating cash flow below net profit,Financial Analytics Rules,financial_analytics,High,pass,Validation passed,"{'Cash from Operating Activity': np.float64(143.09), 'Net profit': np.float64(89.75)}"
AARTI DRUGS LTD,2019,FA-107,Cash decline amid positive operating cash flow,Financial Analytics Rules,financial_analytics,Medium,pass,Validation passed,"{'Cash_Growth': np.float64(0.2998), 'Cash from Operating Activity': np.float64(143.09)}"
AARTI DRUGS LTD,2019,FA-108,Cash-flow composition outlier,Financial Analytics Rules,financial_analytics,Medium,pass,Validation passed,"{'Cash from Operating Activity': np.float64(143.09), 'Cash from Investing Activity': np.float64(-61.67), 'Cash from Financing Activity': np.float64(-80.07)}"
AARTI DRUGS LTD,2019,IS-002,Gross margin consistency,Handbook Rules,trend,Medium,skipped,Unavailable metrics: ['gross_margin'],{}
AARTI DRUGS LTD,2019,IS-007,Interest expense reasonableness,Handbook Rules,analytical,Medium,pass,Validation passed,"{'Interest': np.float64(43.51), 'Borrowings': np.float64(507.21)}"
AARTI DRUGS LTD,2019,IS-008,Effective tax rate reasonableness,Handbook Rules,analytical,Medium,skipped,Unavailable metrics: ['effective_tax_rate'],{}
AARTI DRUGS LTD,2019,IS-010,Unusual expense spike detection,Handbook Rules,trend,High,skipped,Unavailable metrics: ['Total Expenses'],{}
AARTI DRUGS LTD,2019,IS-011,Revenue versus operating cash flow correlation,Handbook Rules,cross_statement,High,pass,Validation passed,"{'Revenue_Growth': np.float64(0.2551), 'Operating_CF_Growth': np.float64(1.0509)}"
AARTI DRUGS LTD,2019,IS-013,Net income to reserve movement plausibility,Handbook Rules,cross_statement,Critical,fail,Validation triggered,"{'Net profit': np.float64(89.75), 'Dividend Amount': np.float64(2.36), 'Reserves': np.float64(519.86)}"
AARTI DRUGS LTD,2019,IS-016,Depreciation expense consistency,Handbook Rules,trend,Medium,pass,Validation passed,"{'Depreciation_Ratio': np.float64(0.0292), 'robust_z': None}"
AARTI DRUGS LTD,2019,LED-001,Accounting equation,Handbook Rules,integrity,Critical,pass,Validation passed,"{'Total Assets': np.float64(1455.49), 'Total Liabilities': np.float64(1455.49), 'Equity Share Capital': np.float64(23.58), 'Reserves': np.float64(519.86)}"
AARTI DRUGS LTD,2019,RAT-005,Debt-to-equity ratio,Handbook Rules,ratio,High,skipped,Unavailable metrics: ['Debt_Equity_Ratio'],{}
AARTI DRUGS LTD,2019,RAT-006,Debt-to-assets ratio,Handbook Rules,ratio,High,skipped,Unavailable metrics: ['Debt_Ratio'],{}
AARTI DRUGS LTD,2019,RAT-007,Equity ratio,Handbook Rules,ratio,High,skipped,Unavailable metrics: ['Equity_Ratio'],{}
AARTI DRUGS LTD,2019,RAT-008,Interest coverage ratio,Handbook Rules,ratio,High,skipped,Unavailable metrics: ['Interest_Coverage_Ratio'],{}
AARTI DRUGS LTD,2019,RAT-010,Gross profit margin trend,Handbook Rules,trend,Medium,skipped,Unavailable metrics: ['gross_margin'],{}
AARTI DRUGS LTD,2019,RAT-011,Net profit margin trend,Handbook Rules,trend,Medium,fail,Validation triggered,{'Profit_Margin': np.float64(0.0575)}
AARTI DRUGS LTD,2019,RAT-012,Operating margin trend,Handbook Rules,trend,Medium,pass,Validation passed,{'Operating_Margin': np.float64(0.1055)}
AARTI DRUGS LTD,2019,RAT-014,Return on assets outlier,Handbook Rules,ratio,Medium,pass,Validation passed,"{'ROA': np.float64(0.0617), 'robust_z': None}"
AARTI DRUGS LTD,2019,RAT-015,Return on equity outlier,Handbook Rules,ratio,Medium,pass,Validation passed,"{'ROE': np.float64(0.1652), 'robust_z': None}"
AARTI DRUGS LTD,2019,RAT-017,Asset turnover outlier,Handbook Rules,ratio,Medium,skipped,Unavailable metrics: ['Asset_Utilization_Ratio'],{}
AARTI DRUGS LTD,2019,RAT-018,Inventory turnover outlier,Handbook Rules,ratio,Medium,skipped,Unavailable metrics: ['inventory_turnover'],{}
AARTI DRUGS LTD,2019,RAT-019,Receivables turnover outlier,Handbook Rules,ratio,Medium,skipped,Unavailable metrics: ['receivables_turnover'],{}
AARTI DRUGS LTD,2019,RAT-020,Days sales outstanding trend,Handbook Rules,trend,Medium,skipped,Unavailable metrics: ['dso'],{}
AARTI DRUGS LTD,2019,RAT-022,Days inventory outstanding trend,Handbook Rules,trend,Medium,skipped,Unavailable metrics: ['dio'],{}
AARTI DRUGS LTD,2019,RAT-024,Revenue growth rate,Handbook Rules,trend,Medium,pass,Validation passed,{'Revenue_Growth': np.float64(0.2551)}
AARTI DRUGS LTD,2019,TR-001,Year-over-year revenue variance,Handbook Rules,trend,Medium,pass,Validation passed,"{'Revenue_Growth': np.float64(0.2551), 'robust_z': None}"
AARTI DRUGS LTD,2019,TR-002,Year-over-year expense variance,Handbook Rules,trend,Medium,skipped,Unavailable metrics: ['Total Expenses'],{}
AARTI DRUGS LTD,2019,TR-003,Multi-year trend consistency,Handbook Rules,trend,Medium,pass,Validation passed,"{'Revenue_Volatility': np.float64(198.6713), 'robust_z': None}"
AARTI DRUGS LTD,2019,TR-006,Common-size statement analysis,Handbook Rules,trend,Medium,pass,Validation passed,"{'Expense_Ratio': np.float64(0.8985), 'robust_z': None}"
AARTI DRUGS LTD,2019,TR-009,Margin trend stability,Handbook Rules,trend,Medium,pass,Validation passed,"{'Profit_Margin': np.float64(0.0575), 'Operating_Margin': np.float64(0.1055), 'robust_z': None}"
AARTI DRUGS LTD,2020,BS-001,Balance sheet equation,Handbook Rules,integrity,Critical,pass,Validation passed,"{'Total Assets': np.float64(1576.5), 'Total Liabilities': np.float64(1576.5), 'Equity Share Capital': np.float64(23.3), 'Reserves': np.float64(629.19)}"
AARTI DRUGS LTD,2020,BS-009,Negative total equity,Handbook Rules,solvency,High,pass,Validation passed,"{'Equity Share Capital': np.float64(23.3), 'Reserves': np.float64(629.19)}"
AARTI DRUGS LTD,2020,CF-002,Cash flow to cash-balance tie-out,Handbook Rules,integrity,Critical,fail,Validation triggered,"{'Cash & Bank': np.float64(7.64), 'Net Cash Flow': np.float64(2.13)}"
AARTI DRUGS LTD,2020,CF-004,Financing activity plausibility,Handbook Rules,cross_statement,High,pass,Validation passed,"{'Borrowings': np.float64(388.64), 'Dividend Amount': np.float64(4.66), 'Cash from Financing Activity': np.float64(-215.41)}"
AARTI DRUGS LTD,2020,CF-006,Depreciation non-cash adjustment plausibility,Handbook Rules,cross_statement,High,pass,Validation passed,"{'Net profit': np.float64(141.4), 'Depreciation': np.float64(48.75), 'Cash from Operating Activity': np.float64(250.74)}"
AARTI DRUGS LTD,2020,CF-008,Sustained negative operating cash flow,Handbook Rules,trend,High,pass,Validation passed,{'Cash from Operating Activity': np.float64(250.74)}
AARTI DRUGS LTD,2020,CF-009,Cash flow versus net income divergence,Handbook Rules,cross_statement,High,pass,Validation passed,"{'Operating_CF_Ratio': np.float64(0.1388), 'robust_z': None}"
AARTI DRUGS LTD,2020,CF-010,Dividend versus reserves,Handbook Rules,solvency,High,pass,Validation passed,"{'Dividend Amount': np.float64(4.66), 'Reserves': np.float64(629.19)}"
AARTI DRUGS LTD,2020,DV-004,Mandatory field completeness,Handbook Rules,data_completeness,Critical,pass,Validation passed,"{'Company': 'AARTI DRUGS LTD', 'Year': np.int64(2020)}"
AARTI DRUGS LTD,2020,DV-007,Numeric financial value validation,Handbook Rules,data_completeness,High,pass,Validation passed,{}
AARTI DRUGS LTD,2020,DV-008,Unexpected negative cash or inventory,Handbook Rules,data_quality,Medium,pass,Validation passed,"{'Cash & Bank': np.float64(7.64), 'Inventory': np.float64(325.4)}"
AARTI DRUGS LTD,2020,DV-012,Input schema validation,Handbook Rules,data_completeness,High,pass,Validation passed,{}
AARTI DRUGS LTD,2020,DV-015,Statistical outlier screening,Handbook Rules,analytical,Medium,pass,Validation passed,"{'Sales': np.float64(1806.09), 'robust_z': None}"
AARTI DRUGS LTD,2020,DV-018,Reporting date consistency,Handbook Rules,data_completeness,Medium,skipped,Unavailable metrics: ['Report Date'],{}
AARTI DRUGS LTD,2020,FA-001,Adverse profit margin,Financial Analytics Rules,financial_analytics,Medium,pass,Validation passed,{'Profit_Margin': np.float64(0.0783)}
AARTI DRUGS LTD,2020,FA-002,Adverse operating margin,Financial Analytics Rules,financial_analytics,Medium,pass,Validation passed,{'Operating_Margin': np.float64(0.0458)}
AARTI DRUGS LTD,2020,FA-003,Adverse return on equity,Financial Analytics Rules,financial_analytics,Medium,pass,Validation passed,{'ROE': np.float64(0.2167)}
AARTI DRUGS LTD,2020,FA-004,Adverse return on assets,Financial Analytics Rules,financial_analytics,Medium,pass,Validation passed,{'ROA': np.float64(0.0897)}
AARTI DRUGS LTD,2020,FA-005,Adverse debt-to-equity ratio,Financial Analytics Rules,financial_analytics,Medium,skipped,Unavailable metrics: ['Debt_Equity_Ratio'],{}
AARTI DRUGS LTD,2020,FA-006,Adverse debt ratio,Financial Analytics Rules,financial_analytics,Medium,skipped,Unavailable metrics: ['Debt_Ratio'],{}
AARTI DRUGS LTD,2020,FA-007,Adverse equity ratio,Financial Analytics Rules,financial_analytics,Medium,skipped,Unavailable metrics: ['Equity_Ratio'],{}
AARTI DRUGS LTD,2020,FA-008,Adverse interest coverage,Financial Analytics Rules,financial_analytics,Medium,skipped,Unavailable metrics: ['Interest_Coverage_Ratio'],{}
AARTI DRUGS LTD,2020,FA-009,Adverse borrowing dependency,Financial Analytics Rules,financial_analytics,Medium,skipped,Unavailable metrics: ['Borrowing_Dependency_Ratio'],{}
AARTI DRUGS LTD,2020,FA-010,Adverse working capital ratio,Financial Analytics Rules,financial_analytics,Medium,pass,Validation passed,"{'Working_Capital_Ratio': np.float64(0.0048), 'robust_z': None}"
AARTI DRUGS LTD,2020,FA-011,Adverse asset utilization,Financial Analytics Rules,financial_analytics,Medium,skipped,Unavailable metrics: ['Asset_Utilization_Ratio'],{}
AARTI DRUGS LTD,2020,FA-012,Adverse receivable ratio,Financial Analytics Rules,financial_analytics,Medium,pass,Validation passed,"{'Receivable_Ratio': np.float64(0.2705), 'robust_z': None}"
AARTI DRUGS LTD,2020,FA-013,Adverse inventory ratio,Financial Analytics Rules,financial_analytics,Medium,pass,Validation passed,"{'Inventory_Ratio': np.float64(0.1802), 'robust_z': None}"
AARTI DRUGS LTD,2020,FA-014,Adverse expense ratio,Financial Analytics Rules,financial_analytics,Medium,pass,Validation passed,"{'Expense_Ratio': np.float64(0.9575), 'robust_z': None}"
AARTI DRUGS LTD,2020,FA-015,Adverse depreciation ratio,Financial Analytics Rules,financial_analytics,Medium,pass,Validation passed,"{'Depreciation_Ratio': np.float64(0.0309), 'robust_z': None}"
AARTI DRUGS LTD,2020,FA-016,Adverse operating-cash-flow ratio,Financial Analytics Rules,financial_analytics,Medium,pass,Validation passed,{'Operating_CF_Ratio': np.float64(0.1388)}
AARTI DRUGS LTD,2020,FA-017,Adverse cash-to-debt ratio,Financial Analytics Rules,financial_analytics,Medium,skipped,Unavailable metrics: ['Cash_To_Debt_Ratio'],{}
AARTI DRUGS LTD,2020,FA-018,Adverse cash margin,Financial Analytics Rules,financial_analytics,Medium,pass,Validation passed,{'Cash_Margin': np.float64(1.7733)}
AARTI DRUGS LTD,2020,FA-019,Adverse revenue growth,Financial Analytics Rules,financial_analytics,High,pass,Validation passed,{'Revenue_Growth': np.float64(0.1571)}
AARTI DRUGS LTD,2020,FA-020,Adverse profit growth,Financial Analytics Rules,financial_analytics,High,pass,Validation passed,{'Profit_Growth': np.float64(0.5755)}
AARTI DRUGS LTD,2020,FA-021,Adverse borrowing growth,Financial Analytics Rules,financial_analytics,High,fail,Validation triggered,{'Borrowing_Growth': np.float64(-0.2338)}
AARTI DRUGS LTD,2020,FA-022,Adverse asset growth,Financial Analytics Rules,financial_analytics,High,pass,Validation passed,{'Asset_Growth': np.float64(0.0831)}
AARTI DRUGS LTD,2020,FA-023,Adverse reserve growth,Financial Analytics Rules,financial_analytics,High,pass,Validation passed,{'Reserve_Growth': np.float64(0.2103)}
AARTI DRUGS LTD,2020,FA-024,Adverse operating-cash-flow growth,Financial Analytics Rules,financial_analytics,High,pass,Validation passed,{'Operating_CF_Growth': np.float64(0.7523)}
AARTI DRUGS LTD,2020,FA-025,Adverse receivable growth,Financial Analytics Rules,financial_analytics,High,pass,Validation passed,{'Receivable_Growth': np.float64(0.0656)}
AARTI DRUGS LTD,2020,FA-026,Adverse inventory growth,Financial Analytics Rules,financial_analytics,High,pass,Validation passed,{'Inventory_Growth': np.float64(0.3195)}
AARTI DRUGS LTD,2020,FA-027,Adverse cash growth,Financial Analytics Rules,financial_analytics,High,pass,Validation passed,{'Cash_Growth': np.float64(0.3766)}
AARTI DRUGS LTD,2020,FA-028,Adverse three-year revenue CAGR,Financial Analytics Rules,financial_analytics,Medium,pass,Validation passed,"{'Revenue_CAGR_3Y': np.float64(0.1475), 'robust_z': None}"
AARTI DRUGS LTD,2020,FA-029,Adverse three-year profit CAGR,Financial Analytics Rules,financial_analytics,Medium,pass,Validation passed,"{'Profit_CAGR_3Y': np.float64(0.2001), 'robust_z': None}"
AARTI DRUGS LTD,2020,FA-030,Adverse revenue volatility,Financial Analytics Rules,financial_analytics,Medium,pass,Validation passed,"{'Revenue_Volatility': np.float64(282.0004), 'robust_z': None}"
AARTI DRUGS LTD,2020,FA-031,Adverse profit volatility,Financial Analytics Rules,financial_analytics,Medium,pass,Validation passed,"{'Profit_Volatility': np.float64(32.1836), 'robust_z': None}"
AARTI DRUGS LTD,2020,FA-032,Adverse operating-cash-flow volatility,Financial Analytics Rules,financial_analytics,Medium,pass,Validation passed,"{'Operating_CF_Volatility': np.float64(91.0261), 'robust_z': None}"
AARTI DRUGS LTD,2020,FA-033,Peer outlier: profit margin,Financial Analytics Rules,financial_analytics,Medium,pass,Validation passed,"{'Profit_Margin': np.float64(0.0783), 'robust_z': None}"
AARTI DRUGS LTD,2020,FA-034,Peer outlier: operating margin,Financial Analytics Rules,financial_analytics,Medium,pass,Validation passed,"{'Operating_Margin': np.float64(0.0458), 'robust_z': None}"
AARTI DRUGS LTD,2020,FA-035,Peer outlier: return on equity,Financial Analytics Rules,financial_analytics,Medium,pass,Validation passed,"{'ROE': np.float64(0.2167), 'robust_z': None}"
AARTI DRUGS LTD,2020,FA-036,Peer outlier: return on assets,Financial Analytics Rules,financial_analytics,Medium,pass,Validation passed,"{'ROA': np.float64(0.0897), 'robust_z': None}"
AARTI DRUGS LTD,2020,FA-037,Peer outlier: debt-to-equity ratio,Financial Analytics Rules,financial_analytics,Medium,skipped,Unavailable metrics: ['Debt_Equity_Ratio'],{}
AARTI DRUGS LTD,2020,FA-038,Peer outlier: debt ratio,Financial Analytics Rules,financial_analytics,Medium,skipped,Unavailable metrics: ['Debt_Ratio'],{}
AARTI DRUGS LTD,2020,FA-039,Peer outlier: equity ratio,Financial Analytics Rules,financial_analytics,Medium,skipped,Unavailable metrics: ['Equity_Ratio'],{}
AARTI DRUGS LTD,2020,FA-040,Peer outlier: interest coverage,Financial Analytics Rules,financial_analytics,Medium,skipped,Unavailable metrics: ['Interest_Coverage_Ratio'],{}
AARTI DRUGS LTD,2020,FA-041,Peer outlier: borrowing dependency,Financial Analytics Rules,financial_analytics,Medium,skipped,Unavailable metrics: ['Borrowing_Dependency_Ratio'],{}
AARTI DRUGS LTD,2020,FA-042,Peer outlier: working capital ratio,Financial Analytics Rules,financial_analytics,Medium,pass,Validation passed,"{'Working_Capital_Ratio': np.float64(0.0048), 'robust_z': None}"
AARTI DRUGS LTD,2020,FA-043,Peer outlier: asset utilization,Financial Analytics Rules,financial_analytics,Medium,skipped,Unavailable metrics: ['Asset_Utilization_Ratio'],{}
AARTI DRUGS LTD,2020,FA-044,Peer outlier: receivable ratio,Financial Analytics Rules,financial_analytics,Medium,pass,Validation passed,"{'Receivable_Ratio': np.float64(0.2705), 'robust_z': None}"
AARTI DRUGS LTD,2020,FA-045,Peer outlier: inventory ratio,Financial Analytics Rules,financial_analytics,Medium,pass,Validation passed,"{'Inventory_Ratio': np.float64(0.1802), 'robust_z': None}"
AARTI DRUGS LTD,2020,FA-046,Peer outlier: expense ratio,Financial Analytics Rules,financial_analytics,Medium,pass,Validation passed,"{'Expense_Ratio': np.float64(0.9575), 'robust_z': None}"
AARTI DRUGS LTD,2020,FA-047,Peer outlier: depreciation ratio,Financial Analytics Rules,financial_analytics,Medium,pass,Validation passed,"{'Depreciation_Ratio': np.float64(0.0309), 'robust_z': None}"
AARTI DRUGS LTD,2020,FA-048,Peer outlier: operating-cash-flow ratio,Financial Analytics Rules,financial_analytics,Medium,pass,Validation passed,"{'Operating_CF_Ratio': np.float64(0.1388), 'robust_z': None}"
AARTI DRUGS LTD,2020,FA-049,Peer outlier: cash-to-debt ratio,Financial Analytics Rules,financial_analytics,Medium,skipped,Unavailable metrics: ['Cash_To_Debt_Ratio'],{}
AARTI DRUGS LTD,2020,FA-050,Peer outlier: cash margin,Financial Analytics Rules,financial_analytics,Medium,pass,Validation passed,"{'Cash_Margin': np.float64(1.7733), 'robust_z': None}"
AARTI DRUGS LTD,2020,FA-051,Peer outlier: revenue growth,Financial Analytics Rules,financial_analytics,Medium,pass,Validation passed,"{'Revenue_Growth': np.float64(0.1571), 'robust_z': None}"
AARTI DRUGS LTD,2020,FA-052,Peer outlier: profit growth,Financial Analytics Rules,financial_analytics,Medium,pass,Validation passed,"{'Profit_Growth': np.float64(0.5755), 'robust_z': None}"
AARTI DRUGS LTD,2020,FA-053,Peer outlier: borrowing growth,Financial Analytics Rules,financial_analytics,Medium,pass,Validation passed,"{'Borrowing_Growth': np.float64(-0.2338), 'robust_z': None}"
AARTI DRUGS LTD,2020,FA-054,Peer outlier: asset growth,Financial Analytics Rules,financial_analytics,Medium,pass,Validation passed,"{'Asset_Growth': np.float64(0.0831), 'robust_z': None}"
AARTI DRUGS LTD,2020,FA-055,Peer outlier: reserve growth,Financial Analytics Rules,financial_analytics,Medium,pass,Validation passed,"{'Reserve_Growth': np.float64(0.2103), 'robust_z': None}"
AARTI DRUGS LTD,2020,FA-056,Peer outlier: operating-cash-flow growth,Financial Analytics Rules,financial_analytics,Medium,pass,Validation passed,"{'Operating_CF_Growth': np.float64(0.7523), 'robust_z': None}"
AARTI DRUGS LTD,2020,FA-057,Peer outlier: receivable growth,Financial Analytics Rules,financial_analytics,Medium,pass,Validation passed,"{'Receivable_Growth': np.float64(0.0656), 'robust_z': None}"
AARTI DRUGS LTD,2020,FA-058,Peer outlier: inventory growth,Financial Analytics Rules,financial_analytics,Medium,pass,Validation passed,"{'Inventory_Growth': np.float64(0.3195), 'robust_z': None}"
AARTI DRUGS LTD,2020,FA-059,Peer outlier: cash growth,Financial Analytics Rules,financial_analytics,Medium,pass,Validation passed,"{'Cash_Growth': np.float64(0.3766), 'robust_z': None}"
AARTI DRUGS LTD,2020,FA-060,Peer outlier: three-year revenue CAGR,Financial Analytics Rules,financial_analytics,Medium,pass,Validation passed,"{'Revenue_CAGR_3Y': np.float64(0.1475), 'robust_z': None}"
AARTI DRUGS LTD,2020,FA-061,Peer outlier: three-year profit CAGR,Financial Analytics Rules,financial_analytics,Medium,pass,Validation passed,"{'Profit_CAGR_3Y': np.float64(0.2001), 'robust_z': None}"
AARTI DRUGS LTD,2020,FA-062,Peer outlier: revenue volatility,Financial Analytics Rules,financial_analytics,Medium,pass,Validation passed,"{'Revenue_Volatility': np.float64(282.0004), 'robust_z': None}"
AARTI DRUGS LTD,2020,FA-063,Peer outlier: profit volatility,Financial Analytics Rules,financial_analytics,Medium,pass,Validation passed,"{'Profit_Volatility': np.float64(32.1836), 'robust_z': None}"
AARTI DRUGS LTD,2020,FA-064,Peer outlier: operating-cash-flow volatility,Financial Analytics Rules,financial_analytics,Medium,pass,Validation passed,"{'Operating_CF_Volatility': np.float64(91.0261), 'robust_z': None}"
AARTI DRUGS LTD,2020,FA-065,Unstable trend: profit margin,Financial Analytics Rules,financial_analytics,Medium,pass,Validation passed,"{'Profit_Margin': np.float64(0.0783), 'robust_z': None}"
AARTI DRUGS LTD,2020,FA-066,Unstable trend: operating margin,Financial Analytics Rules,financial_analytics,Medium,pass,Validation passed,"{'Operating_Margin': np.float64(0.0458), 'robust_z': None}"
AARTI DRUGS LTD,2020,FA-067,Unstable trend: return on equity,Financial Analytics Rules,financial_analytics,Medium,pass,Validation passed,"{'ROE': np.float64(0.2167), 'robust_z': None}"
AARTI DRUGS LTD,2020,FA-068,Unstable trend: return on assets,Financial Analytics Rules,financial_analytics,Medium,pass,Validation passed,"{'ROA': np.float64(0.0897), 'robust_z': None}"
AARTI DRUGS LTD,2020,FA-069,Unstable trend: debt-to-equity ratio,Financial Analytics Rules,financial_analytics,Medium,skipped,Unavailable metrics: ['Debt_Equity_Ratio'],{}
AARTI DRUGS LTD,2020,FA-070,Unstable trend: debt ratio,Financial Analytics Rules,financial_analytics,Medium,skipped,Unavailable metrics: ['Debt_Ratio'],{}
AARTI DRUGS LTD,2020,FA-071,Unstable trend: equity ratio,Financial Analytics Rules,financial_analytics,Medium,skipped,Unavailable metrics: ['Equity_Ratio'],{}
AARTI DRUGS LTD,2020,FA-072,Unstable trend: interest coverage,Financial Analytics Rules,financial_analytics,Medium,skipped,Unavailable metrics: ['Interest_Coverage_Ratio'],{}
AARTI DRUGS LTD,2020,FA-073,Unstable trend: borrowing dependency,Financial Analytics Rules,financial_analytics,Medium,skipped,Unavailable metrics: ['Borrowing_Dependency_Ratio'],{}
AARTI DRUGS LTD,2020,FA-074,Unstable trend: working capital ratio,Financial Analytics Rules,financial_analytics,Medium,pass,Validation passed,"{'Working_Capital_Ratio': np.float64(0.0048), 'robust_z': None}"
AARTI DRUGS LTD,2020,FA-075,Unstable trend: asset utilization,Financial Analytics Rules,financial_analytics,Medium,skipped,Unavailable metrics: ['Asset_Utilization_Ratio'],{}
AARTI DRUGS LTD,2020,FA-076,Unstable trend: receivable ratio,Financial Analytics Rules,financial_analytics,Medium,pass,Validation passed,"{'Receivable_Ratio': np.float64(0.2705), 'robust_z': None}"
AARTI DRUGS LTD,2020,FA-077,Unstable trend: inventory ratio,Financial Analytics Rules,financial_analytics,Medium,pass,Validation passed,"{'Inventory_Ratio': np.float64(0.1802), 'robust_z': None}"
AARTI DRUGS LTD,2020,FA-078,Unstable trend: expense ratio,Financial Analytics Rules,financial_analytics,Medium,pass,Validation passed,"{'Expense_Ratio': np.float64(0.9575), 'robust_z': None}"
AARTI DRUGS LTD,2020,FA-079,Unstable trend: depreciation ratio,Financial Analytics Rules,financial_analytics,Medium,pass,Validation passed,"{'Depreciation_Ratio': np.float64(0.0309), 'robust_z': None}"
AARTI DRUGS LTD,2020,FA-080,Unstable trend: operating-cash-flow ratio,Financial Analytics Rules,financial_analytics,Medium,pass,Validation passed,"{'Operating_CF_Ratio': np.float64(0.1388), 'robust_z': None}"
AARTI DRUGS LTD,2020,FA-081,Unstable trend: cash-to-debt ratio,Financial Analytics Rules,financial_analytics,Medium,skipped,Unavailable metrics: ['Cash_To_Debt_Ratio'],{}
AARTI DRUGS LTD,2020,FA-082,Unstable trend: cash margin,Financial Analytics Rules,financial_analytics,Medium,pass,Validation passed,"{'Cash_Margin': np.float64(1.7733), 'robust_z': None}"
AARTI DRUGS LTD,2020,FA-083,Unstable trend: revenue growth,Financial Analytics Rules,financial_analytics,Medium,pass,Validation passed,"{'Revenue_Growth': np.float64(0.1571), 'robust_z': None}"
AARTI DRUGS LTD,2020,FA-084,Unstable trend: profit growth,Financial Analytics Rules,financial_analytics,Medium,pass,Validation passed,"{'Profit_Growth': np.float64(0.5755), 'robust_z': None}"
AARTI DRUGS LTD,2020,FA-085,Unstable trend: borrowing growth,Financial Analytics Rules,financial_analytics,Medium,pass,Validation passed,"{'Borrowing_Growth': np.float64(-0.2338), 'robust_z': None}"
AARTI DRUGS LTD,2020,FA-086,Unstable trend: asset growth,Financial Analytics Rules,financial_analytics,Medium,pass,Validation passed,"{'Asset_Growth': np.float64(0.0831), 'robust_z': None}"
AARTI DRUGS LTD,2020,FA-087,Unstable trend: reserve growth,Financial Analytics Rules,financial_analytics,Medium,pass,Validation passed,"{'Reserve_Growth': np.float64(0.2103), 'robust_z': None}"
AARTI DRUGS LTD,2020,FA-088,Unstable trend: operating-cash-flow growth,Financial Analytics Rules,financial_analytics,Medium,pass,Validation passed,"{'Operating_CF_Growth': np.float64(0.7523), 'robust_z': None}"
AARTI DRUGS LTD,2020,FA-089,Unstable trend: receivable growth,Financial Analytics Rules,financial_analytics,Medium,pass,Validation passed,"{'Receivable_Growth': np.float64(0.0656), 'robust_z': None}"
AARTI DRUGS LTD,2020,FA-090,Unstable trend: inventory growth,Financial Analytics Rules,financial_analytics,Medium,pass,Validation passed,"{'Inventory_Growth': np.float64(0.3195), 'robust_z': None}"
AARTI DRUGS LTD,2020,FA-091,Unstable trend: cash growth,Financial Analytics Rules,financial_analytics,Medium,pass,Validation passed,"{'Cash_Growth': np.float64(0.3766), 'robust_z': None}"
AARTI DRUGS LTD,2020,FA-092,Unstable trend: three-year revenue CAGR,Financial Analytics Rules,financial_analytics,Medium,pass,Validation passed,"{'Revenue_CAGR_3Y': np.float64(0.1475), 'robust_z': None}"
AARTI DRUGS LTD,2020,FA-093,Unstable trend: three-year profit CAGR,Financial Analytics Rules,financial_analytics,Medium,pass,Validation passed,"{'Profit_CAGR_3Y': np.float64(0.2001), 'robust_z': None}"
AARTI DRUGS LTD,2020,FA-094,Unstable trend: revenue volatility,Financial Analytics Rules,financial_analytics,Medium,pass,Validation passed,"{'Revenue_Volatility': np.float64(282.0004), 'robust_z': None}"
AARTI DRUGS LTD,2020,FA-095,Unstable trend: profit volatility,Financial Analytics Rules,financial_analytics,Medium,pass,Validation passed,"{'Profit_Volatility': np.float64(32.1836), 'robust_z': None}"
AARTI DRUGS LTD,2020,FA-096,Unstable trend: operating-cash-flow volatility,Financial Analytics Rules,financial_analytics,Medium,pass,Validation passed,"{'Operating_CF_Volatility': np.float64(91.0261), 'robust_z': None}"
AARTI DRUGS LTD,2020,FA-097,Revenue growth with profit decline,Financial Analytics Rules,financial_analytics,High,pass,Validation passed,"{'Revenue_Growth': np.float64(0.1571), 'Profit_Growth': np.float64(0.5755)}"
AARTI DRUGS LTD,2020,FA-098,Revenue growth with operating cash-flow decline,Financial Analytics Rules,financial_analytics,High,pass,Validation passed,"{'Revenue_Growth': np.float64(0.1571), 'Operating_CF_Growth': np.float64(0.7523)}"
AARTI DRUGS LTD,2020,FA-099,Receivables growth exceeding revenue growth,Financial Analytics Rules,financial_analytics,High,pass,Validation passed,"{'Receivable_Growth': np.float64(0.0656), 'Revenue_Growth': np.float64(0.1571)}"
AARTI DRUGS LTD,2020,FA-100,Inventory growth with revenue decline,Financial Analytics Rules,financial_analytics,High,pass,Validation passed,"{'Inventory_Growth': np.float64(0.3195), 'Revenue_Growth': np.float64(0.1571)}"
AARTI DRUGS LTD,2020,FA-101,Borrowing growth with cash decline,Financial Analytics Rules,financial_analytics,High,pass,Validation passed,"{'Borrowing_Growth': np.float64(-0.2338), 'Cash_Growth': np.float64(0.3766)}"
AARTI DRUGS LTD,2020,FA-102,Borrowing growth with flat revenue,Financial Analytics Rules,financial_analytics,High,pass,Validation passed,"{'Borrowing_Growth': np.float64(-0.2338), 'Revenue_Growth': np.float64(0.1571)}"
AARTI DRUGS LTD,2020,FA-103,Revenue growth with operating-margin decline,Financial Analytics Rules,financial_analytics,High,pass,Validation passed,"{'Revenue_Growth': np.float64(0.1571), 'Operating_Margin': np.float64(0.0458)}"
AARTI DRUGS LTD,2020,FA-104,Profit growth with cash decline,Financial Analytics Rules,financial_analytics,High,pass,Validation passed,"{'Profit_Growth': np.float64(0.5755), 'Cash_Growth': np.float64(0.3766)}"
AARTI DRUGS LTD,2020,FA-105,Debt growth with interest-coverage decline,Financial Analytics Rules,financial_analytics,High,skipped,Unavailable metrics: ['Interest_Coverage_Ratio'],{}
AARTI DRUGS LTD,2020,FA-106,Operating cash flow below net profit,Financial Analytics Rules,financial_analytics,High,pass,Validation passed,"{'Cash from Operating Activity': np.float64(250.74), 'Net profit': np.float64(141.4)}"
AARTI DRUGS LTD,2020,FA-107,Cash decline amid positive operating cash flow,Financial Analytics Rules,financial_analytics,Medium,pass,Validation passed,"{'Cash_Growth': np.float64(0.3766), 'Cash from Operating Activity': np.float64(250.74)}"
AARTI DRUGS LTD,2020,FA-108,Cash-flow composition outlier,Financial Analytics Rules,financial_analytics,Medium,pass,Validation passed,"{'Cash from Operating Activity': np.float64(250.74), 'Cash from Investing Activity': np.float64(-33.21), 'Cash from Financing Activity': np.float64(-215.41)}"
AARTI DRUGS LTD,2020,IS-002,Gross margin consistency,Handbook Rules,trend,Medium,skipped,Unavailable metrics: ['gross_margin'],{}
AARTI DRUGS LTD,2020,IS-007,Interest expense reasonableness,Handbook Rules,analytical,Medium,pass,Validation passed,"{'Interest': np.float64(37.42), 'Borrowings': np.float64(388.64)}"
AARTI DRUGS LTD,2020,IS-008,Effective tax rate reasonableness,Handbook Rules,analytical,Medium,skipped,Unavailable metrics: ['effective_tax_rate'],{}
AARTI DRUGS LTD,2020,IS-010,Unusual expense spike detection,Handbook Rules,trend,High,skipped,Unavailable metrics: ['Total Expenses'],{}
AARTI DRUGS LTD,2020,IS-011,Revenue versus operating cash flow correlation,Handbook Rules,cross_statement,High,pass,Validation passed,"{'Revenue_Growth': np.float64(0.1571), 'Operating_CF_Growth': np.float64(0.7523)}"
AARTI DRUGS LTD,2020,IS-013,Net income to reserve movement plausibility,Handbook Rules,cross_statement,Critical,fail,Validation triggered,"{'Net profit': np.float64(141.4), 'Dividend Amount': np.float64(4.66), 'Reserves': np.float64(629.19)}"
AARTI DRUGS LTD,2020,IS-016,Depreciation expense consistency,Handbook Rules,trend,Medium,pass,Validation passed,"{'Depreciation_Ratio': np.float64(0.0309), 'robust_z': None}"
AARTI DRUGS LTD,2020,LED-001,Accounting equation,Handbook Rules,integrity,Critical,pass,Validation passed,"{'Total Assets': np.float64(1576.5), 'Total Liabilities': np.float64(1576.5), 'Equity Share Capital': np.float64(23.3), 'Reserves': np.float64(629.19)}"
AARTI DRUGS LTD,2020,RAT-005,Debt-to-equity ratio,Handbook Rules,ratio,High,skipped,Unavailable metrics: ['Debt_Equity_Ratio'],{}
AARTI DRUGS LTD,2020,RAT-006,Debt-to-assets ratio,Handbook Rules,ratio,High,skipped,Unavailable metrics: ['Debt_Ratio'],{}
AARTI DRUGS LTD,2020,RAT-007,Equity ratio,Handbook Rules,ratio,High,skipped,Unavailable metrics: ['Equity_Ratio'],{}
AARTI DRUGS LTD,2020,RAT-008,Interest coverage ratio,Handbook Rules,ratio,High,skipped,Unavailable metrics: ['Interest_Coverage_Ratio'],{}
AARTI DRUGS LTD,2020,RAT-010,Gross profit margin trend,Handbook Rules,trend,Medium,skipped,Unavailable metrics: ['gross_margin'],{}
AARTI DRUGS LTD,2020,RAT-011,Net profit margin trend,Handbook Rules,trend,Medium,pass,Validation passed,{'Profit_Margin': np.float64(0.0783)}
AARTI DRUGS LTD,2020,RAT-012,Operating margin trend,Handbook Rules,trend,Medium,pass,Validation passed,{'Operating_Margin': np.float64(0.0458)}
AARTI DRUGS LTD,2020,RAT-014,Return on assets outlier,Handbook Rules,ratio,Medium,pass,Validation passed,"{'ROA': np.float64(0.0897), 'robust_z': None}"
AARTI DRUGS LTD,2020,RAT-015,Return on equity outlier,Handbook Rules,ratio,Medium,pass,Validation passed,"{'ROE': np.float64(0.2167), 'robust_z': None}"
AARTI DRUGS LTD,2020,RAT-017,Asset turnover outlier,Handbook Rules,ratio,Medium,skipped,Unavailable metrics: ['Asset_Utilization_Ratio'],{}
AARTI DRUGS LTD,2020,RAT-018,Inventory turnover outlier,Handbook Rules,ratio,Medium,skipped,Unavailable metrics: ['inventory_turnover'],{}
AARTI DRUGS LTD,2020,RAT-019,Receivables turnover outlier,Handbook Rules,ratio,Medium,skipped,Unavailable metrics: ['receivables_turnover'],{}
AARTI DRUGS LTD,2020,RAT-020,Days sales outstanding trend,Handbook Rules,trend,Medium,skipped,Unavailable metrics: ['dso'],{}
AARTI DRUGS LTD,2020,RAT-022,Days inventory outstanding trend,Handbook Rules,trend,Medium,skipped,Unavailable metrics: ['dio'],{}
AARTI DRUGS LTD,2020,RAT-024,Revenue growth rate,Handbook Rules,trend,Medium,pass,Validation passed,{'Revenue_Growth': np.float64(0.1571)}
AARTI DRUGS LTD,2020,TR-001,Year-over-year revenue variance,Handbook Rules,trend,Medium,pass,Validation passed,"{'Revenue_Growth': np.float64(0.1571), 'robust_z': None}"
AARTI DRUGS LTD,2020,TR-002,Year-over-year expense variance,Handbook Rules,trend,Medium,skipped,Unavailable metrics: ['Total Expenses'],{}
AARTI DRUGS LTD,2020,TR-003,Multi-year trend consistency,Handbook Rules,trend,Medium,pass,Validation passed,"{'Revenue_Volatility': np.float64(282.0004), 'robust_z': None}"
AARTI DRUGS LTD,2020,TR-006,Common-size statement analysis,Handbook Rules,trend,Medium,pass,Validation passed,"{'Expense_Ratio': np.float64(0.9575), 'robust_z': None}"
AARTI DRUGS LTD,2020,TR-009,Margin trend stability,Handbook Rules,trend,Medium,pass,Validation passed,"{'Profit_Margin': np.float64(0.0783), 'Operating_Margin': np.float64(0.0458), 'robust_z': None}"
AARTI DRUGS LTD,2021,BS-001,Balance sheet equation,Handbook Rules,integrity,Critical,pass,Validation passed,"{'Total Assets': np.float64(1766.01), 'Total Liabilities': np.float64(1766.01), 'Equity Share Capital': np.float64(93.2), 'Reserves': np.float64(820.22)}"
AARTI DRUGS LTD,2021,BS-009,Negative total equity,Handbook Rules,solvency,High,pass,Validation passed,"{'Equity Share Capital': np.float64(93.2), 'Reserves': np.float64(820.22)}"
AARTI DRUGS LTD,2021,CF-002,Cash flow to cash-balance tie-out,Handbook Rules,integrity,Critical,fail,Validation triggered,"{'Cash & Bank': np.float64(9.78), 'Net Cash Flow': np.float64(2.04)}"
AARTI DRUGS LTD,2021,CF-004,Financing activity plausibility,Handbook Rules,cross_statement,High,pass,Validation passed,"{'Borrowings': np.float64(350.76), 'Dividend Amount': np.float64(23.3), 'Cash from Financing Activity': np.float64(-81.13)}"
AARTI DRUGS LTD,2021,CF-006,Depreciation non-cash adjustment plausibility,Handbook Rules,cross_statement,High,pass,Validation passed,"{'Net profit': np.float64(280.41), 'Depreciation': np.float64(49.88), 'Cash from Operating Activity': np.float64(154.95)}"
AARTI DRUGS LTD,2021,CF-008,Sustained negative operating cash flow,Handbook Rules,trend,High,pass,Validation passed,{'Cash from Operating Activity': np.float64(154.95)}
AARTI DRUGS LTD,2021,CF-009,Cash flow versus net income divergence,Handbook Rules,cross_statement,High,pass,Validation passed,"{'Operating_CF_Ratio': np.float64(0.0719), 'robust_z': None}"
AARTI DRUGS LTD,2021,CF-010,Dividend versus reserves,Handbook Rules,solvency,High,pass,Validation passed,"{'Dividend Amount': np.float64(23.3), 'Reserves': np.float64(820.22)}"
AARTI DRUGS LTD,2021,DV-004,Mandatory field completeness,Handbook Rules,data_completeness,Critical,pass,Validation passed,"{'Company': 'AARTI DRUGS LTD', 'Year': np.int64(2021)}"
AARTI DRUGS LTD,2021,DV-007,Numeric financial value validation,Handbook Rules,data_completeness,High,pass,Validation passed,{}
AARTI DRUGS LTD,2021,DV-008,Unexpected negative cash or inventory,Handbook Rules,data_quality,Medium,pass,Validation passed,"{'Cash & Bank': np.float64(9.78), 'Inventory': np.float64(415.0)}"
AARTI DRUGS LTD,2021,DV-012,Input schema validation,Handbook Rules,data_completeness,High,pass,Validation passed,{}
AARTI DRUGS LTD,2021,DV-015,Statistical outlier screening,Handbook Rules,analytical,Medium,pass,Validation passed,"{'Sales': np.float64(2154.78), 'robust_z': None}"
AARTI DRUGS LTD,2021,DV-018,Reporting date consistency,Handbook Rules,data_completeness,Medium,skipped,Unavailable metrics: ['Report Date'],{}
AARTI DRUGS LTD,2021,FA-001,Adverse profit margin,Financial Analytics Rules,financial_analytics,Medium,pass,Validation passed,{'Profit_Margin': np.float64(0.1301)}
AARTI DRUGS LTD,2021,FA-002,Adverse operating margin,Financial Analytics Rules,financial_analytics,Medium,pass,Validation passed,{'Operating_Margin': np.float64(0.1604)}
AARTI DRUGS LTD,2021,FA-003,Adverse return on equity,Financial Analytics Rules,financial_analytics,Medium,pass,Validation passed,{'ROE': np.float64(0.307)}
AARTI DRUGS LTD,2021,FA-004,Adverse return on assets,Financial Analytics Rules,financial_analytics,Medium,pass,Validation passed,{'ROA': np.float64(0.1588)}
AARTI DRUGS LTD,2021,FA-005,Adverse debt-to-equity ratio,Financial Analytics Rules,financial_analytics,Medium,skipped,Unavailable metrics: ['Debt_Equity_Ratio'],{}
AARTI DRUGS LTD,2021,FA-006,Adverse debt ratio,Financial Analytics Rules,financial_analytics,Medium,skipped,Unavailable metrics: ['Debt_Ratio'],{}
AARTI DRUGS LTD,2021,FA-007,Adverse equity ratio,Financial Analytics Rules,financial_analytics,Medium,skipped,Unavailable metrics: ['Equity_Ratio'],{}
AARTI DRUGS LTD,2021,FA-008,Adverse interest coverage,Financial Analytics Rules,financial_analytics,Medium,skipped,Unavailable metrics: ['Interest_Coverage_Ratio'],{}
AARTI DRUGS LTD,2021,FA-009,Adverse borrowing dependency,Financial Analytics Rules,financial_analytics,Medium,skipped,Unavailable metrics: ['Borrowing_Dependency_Ratio'],{}
AARTI DRUGS LTD,2021,FA-010,Adverse working capital ratio,Financial Analytics Rules,financial_analytics,Medium,pass,Validation passed,"{'Working_Capital_Ratio': np.float64(0.0055), 'robust_z': None}"
AARTI DRUGS LTD,2021,FA-011,Adverse asset utilization,Financial Analytics Rules,financial_analytics,Medium,skipped,Unavailable metrics: ['Asset_Utilization_Ratio'],{}
AARTI DRUGS LTD,2021,FA-012,Adverse receivable ratio,Financial Analytics Rules,financial_analytics,Medium,pass,Validation passed,"{'Receivable_Ratio': np.float64(0.2577), 'robust_z': None}"
AARTI DRUGS LTD,2021,FA-013,Adverse inventory ratio,Financial Analytics Rules,financial_analytics,Medium,pass,Validation passed,"{'Inventory_Ratio': np.float64(0.1926), 'robust_z': None}"
AARTI DRUGS LTD,2021,FA-014,Adverse expense ratio,Financial Analytics Rules,financial_analytics,Medium,pass,Validation passed,"{'Expense_Ratio': np.float64(0.8418), 'robust_z': None}"
AARTI DRUGS LTD,2021,FA-015,Adverse depreciation ratio,Financial Analytics Rules,financial_analytics,Medium,pass,Validation passed,"{'Depreciation_Ratio': np.float64(0.0282), 'robust_z': None}"
AARTI DRUGS LTD,2021,FA-016,Adverse operating-cash-flow ratio,Financial Analytics Rules,financial_analytics,Medium,pass,Validation passed,{'Operating_CF_Ratio': np.float64(0.0719)}
AARTI DRUGS LTD,2021,FA-017,Adverse cash-to-debt ratio,Financial Analytics Rules,financial_analytics,Medium,skipped,Unavailable metrics: ['Cash_To_Debt_Ratio'],{}
AARTI DRUGS LTD,2021,FA-018,Adverse cash margin,Financial Analytics Rules,financial_analytics,Medium,pass,Validation passed,{'Cash_Margin': np.float64(0.5526)}
AARTI DRUGS LTD,2021,FA-019,Adverse revenue growth,Financial Analytics Rules,financial_analytics,High,pass,Validation passed,{'Revenue_Growth': np.float64(0.1931)}
AARTI DRUGS LTD,2021,FA-020,Adverse profit growth,Financial Analytics Rules,financial_analytics,High,pass,Validation passed,{'Profit_Growth': np.float64(0.9831)}
AARTI DRUGS LTD,2021,FA-021,Adverse borrowing growth,Financial Analytics Rules,financial_analytics,High,fail,Validation triggered,{'Borrowing_Growth': np.float64(-0.0975)}
AARTI DRUGS LTD,2021,FA-022,Adverse asset growth,Financial Analytics Rules,financial_analytics,High,pass,Validation passed,{'Asset_Growth': np.float64(0.1202)}
AARTI DRUGS LTD,2021,FA-023,Adverse reserve growth,Financial Analytics Rules,financial_analytics,High,pass,Validation passed,{'Reserve_Growth': np.float64(0.3036)}
AARTI DRUGS LTD,2021,FA-024,Adverse operating-cash-flow growth,Financial Analytics Rules,financial_analytics,High,fail,Validation triggered,{'Operating_CF_Growth': np.float64(-0.382)}
AARTI DRUGS LTD,2021,FA-025,Adverse receivable growth,Financial Analytics Rules,financial_analytics,High,pass,Validation passed,{'Receivable_Growth': np.float64(0.1363)}
AARTI DRUGS LTD,2021,FA-026,Adverse inventory growth,Financial Analytics Rules,financial_analytics,High,pass,Validation passed,{'Inventory_Growth': np.float64(0.2754)}
AARTI DRUGS LTD,2021,FA-027,Adverse cash growth,Financial Analytics Rules,financial_analytics,High,pass,Validation passed,{'Cash_Growth': np.float64(0.2801)}
AARTI DRUGS LTD,2021,FA-028,Adverse three-year revenue CAGR,Financial Analytics Rules,financial_analytics,Medium,pass,Validation passed,"{'Revenue_CAGR_3Y': np.float64(0.2011), 'robust_z': None}"
AARTI DRUGS LTD,2021,FA-029,Adverse three-year profit CAGR,Financial Analytics Rules,financial_analytics,Medium,pass,Validation passed,"{'Profit_CAGR_3Y': np.float64(0.5047), 'robust_z': None}"
AARTI DRUGS LTD,2021,FA-030,Adverse revenue volatility,Financial Analytics Rules,financial_analytics,Medium,pass,Validation passed,"{'Revenue_Volatility': np.float64(298.4206), 'robust_z': None}"
AARTI DRUGS LTD,2021,FA-031,Adverse profit volatility,Financial Analytics Rules,financial_analytics,Medium,pass,Validation passed,"{'Profit_Volatility': np.float64(98.6093), 'robust_z': None}"
AARTI DRUGS LTD,2021,FA-032,Adverse operating-cash-flow volatility,Financial Analytics Rules,financial_analytics,Medium,pass,Validation passed,"{'Operating_CF_Volatility': np.float64(59.0267), 'robust_z': None}"
AARTI DRUGS LTD,2021,FA-033,Peer outlier: profit margin,Financial Analytics Rules,financial_analytics,Medium,pass,Validation passed,"{'Profit_Margin': np.float64(0.1301), 'robust_z': None}"
AARTI DRUGS LTD,2021,FA-034,Peer outlier: operating margin,Financial Analytics Rules,financial_analytics,Medium,pass,Validation passed,"{'Operating_Margin': np.float64(0.1604), 'robust_z': None}"
AARTI DRUGS LTD,2021,FA-035,Peer outlier: return on equity,Financial Analytics Rules,financial_analytics,Medium,pass,Validation passed,"{'ROE': np.float64(0.307), 'robust_z': None}"
AARTI DRUGS LTD,2021,FA-036,Peer outlier: return on assets,Financial Analytics Rules,financial_analytics,Medium,pass,Validation passed,"{'ROA': np.float64(0.1588), 'robust_z': None}"
AARTI DRUGS LTD,2021,FA-037,Peer outlier: debt-to-equity ratio,Financial Analytics Rules,financial_analytics,Medium,skipped,Unavailable metrics: ['Debt_Equity_Ratio'],{}
AARTI DRUGS LTD,2021,FA-038,Peer outlier: debt ratio,Financial Analytics Rules,financial_analytics,Medium,skipped,Unavailable metrics: ['Debt_Ratio'],{}
AARTI DRUGS LTD,2021,FA-039,Peer outlier: equity ratio,Financial Analytics Rules,financial_analytics,Medium,skipped,Unavailable metrics: ['Equity_Ratio'],{}
AARTI DRUGS LTD,2021,FA-040,Peer outlier: interest coverage,Financial Analytics Rules,financial_analytics,Medium,skipped,Unavailable metrics: ['Interest_Coverage_Ratio'],{}
AARTI DRUGS LTD,2021,FA-041,Peer outlier: borrowing dependency,Financial Analytics Rules,financial_analytics,Medium,skipped,Unavailable metrics: ['Borrowing_Dependency_Ratio'],{}
AARTI DRUGS LTD,2021,FA-042,Peer outlier: working capital ratio,Financial Analytics Rules,financial_analytics,Medium,pass,Validation passed,"{'Working_Capital_Ratio': np.float64(0.0055), 'robust_z': None}"
AARTI DRUGS LTD,2021,FA-043,Peer outlier: asset utilization,Financial Analytics Rules,financial_analytics,Medium,skipped,Unavailable metrics: ['Asset_Utilization_Ratio'],{}
AARTI DRUGS LTD,2021,FA-044,Peer outlier: receivable ratio,Financial Analytics Rules,financial_analytics,Medium,pass,Validation passed,"{'Receivable_Ratio': np.float64(0.2577), 'robust_z': None}"
AARTI DRUGS LTD,2021,FA-045,Peer outlier: inventory ratio,Financial Analytics Rules,financial_analytics,Medium,pass,Validation passed,"{'Inventory_Ratio': np.float64(0.1926), 'robust_z': None}"
AARTI DRUGS LTD,2021,FA-046,Peer outlier: expense ratio,Financial Analytics Rules,financial_analytics,Medium,pass,Validation passed,"{'Expense_Ratio': np.float64(0.8418), 'robust_z': None}"
AARTI DRUGS LTD,2021,FA-047,Peer outlier: depreciation ratio,Financial Analytics Rules,financial_analytics,Medium,pass,Validation passed,"{'Depreciation_Ratio': np.float64(0.0282), 'robust_z': None}"
AARTI DRUGS LTD,2021,FA-048,Peer outlier: operating-cash-flow ratio,Financial Analytics Rules,financial_analytics,Medium,pass,Validation passed,"{'Operating_CF_Ratio': np.float64(0.0719), 'robust_z': None}"
AARTI DRUGS LTD,2021,FA-049,Peer outlier: cash-to-debt ratio,Financial Analytics Rules,financial_analytics,Medium,skipped,Unavailable metrics: ['Cash_To_Debt_Ratio'],{}
AARTI DRUGS LTD,2021,FA-050,Peer outlier: cash margin,Financial Analytics Rules,financial_analytics,Medium,pass,Validation passed,"{'Cash_Margin': np.float64(0.5526), 'robust_z': None}"
AARTI DRUGS LTD,2021,FA-051,Peer outlier: revenue growth,Financial Analytics Rules,financial_analytics,Medium,pass,Validation passed,"{'Revenue_Growth': np.float64(0.1931), 'robust_z': None}"
AARTI DRUGS LTD,2021,FA-052,Peer outlier: profit growth,Financial Analytics Rules,financial_analytics,Medium,pass,Validation passed,"{'Profit_Growth': np.float64(0.9831), 'robust_z': None}"
AARTI DRUGS LTD,2021,FA-053,Peer outlier: borrowing growth,Financial Analytics Rules,financial_analytics,Medium,pass,Validation passed,"{'Borrowing_Growth': np.float64(-0.0975), 'robust_z': None}"
AARTI DRUGS LTD,2021,FA-054,Peer outlier: asset growth,Financial Analytics Rules,financial_analytics,Medium,pass,Validation passed,"{'Asset_Growth': np.float64(0.1202), 'robust_z': None}"
AARTI DRUGS LTD,2021,FA-055,Peer outlier: reserve growth,Financial Analytics Rules,financial_analytics,Medium,pass,Validation passed,"{'Reserve_Growth': np.float64(0.3036), 'robust_z': None}"
AARTI DRUGS LTD,2021,FA-056,Peer outlier: operating-cash-flow growth,Financial Analytics Rules,financial_analytics,Medium,pass,Validation passed,"{'Operating_CF_Growth': np.float64(-0.382), 'robust_z': None}"
AARTI DRUGS LTD,2021,FA-057,Peer outlier: receivable growth,Financial Analytics Rules,financial_analytics,Medium,pass,Validation passed,"{'Receivable_Growth': np.float64(0.1363), 'robust_z': None}"
AARTI DRUGS LTD,2021,FA-058,Peer outlier: inventory growth,Financial Analytics Rules,financial_analytics,Medium,pass,Validation passed,"{'Inventory_Growth': np.float64(0.2754), 'robust_z': None}"
AARTI DRUGS LTD,2021,FA-059,Peer outlier: cash growth,Financial Analytics Rules,financial_analytics,Medium,pass,Validation passed,"{'Cash_Growth': np.float64(0.2801), 'robust_z': None}"
AARTI DRUGS LTD,2021,FA-060,Peer outlier: three-year revenue CAGR,Financial Analytics Rules,financial_analytics,Medium,pass,Validation passed,"{'Revenue_CAGR_3Y': np.float64(0.2011), 'robust_z': None}"
AARTI DRUGS LTD,2021,FA-061,Peer outlier: three-year profit CAGR,Financial Analytics Rules,financial_analytics,Medium,pass,Validation passed,"{'Profit_CAGR_3Y': np.float64(0.5047), 'robust_z': None}"
AARTI DRUGS LTD,2021,FA-062,Peer outlier: revenue volatility,Financial Analytics Rules,financial_analytics,Medium,pass,Validation passed,"{'Revenue_Volatility': np.float64(298.4206), 'robust_z': None}"
AARTI DRUGS LTD,2021,FA-063,Peer outlier: profit volatility,Financial Analytics Rules,financial_analytics,Medium,pass,Validation passed,"{'Profit_Volatility': np.float64(98.6093), 'robust_z': None}"
AARTI DRUGS LTD,2021,FA-064,Peer outlier: operating-cash-flow volatility,Financial Analytics Rules,financial_analytics,Medium,pass,Validation passed,"{'Operating_CF_Volatility': np.float64(59.0267), 'robust_z': None}"
AARTI DRUGS LTD,2021,FA-065,Unstable trend: profit margin,Financial Analytics Rules,financial_analytics,Medium,pass,Validation passed,"{'Profit_Margin': np.float64(0.1301), 'robust_z': None}"
AARTI DRUGS LTD,2021,FA-066,Unstable trend: operating margin,Financial Analytics Rules,financial_analytics,Medium,pass,Validation passed,"{'Operating_Margin': np.float64(0.1604), 'robust_z': None}"
AARTI DRUGS LTD,2021,FA-067,Unstable trend: return on equity,Financial Analytics Rules,financial_analytics,Medium,pass,Validation passed,"{'ROE': np.float64(0.307), 'robust_z': None}"
AARTI DRUGS LTD,2021,FA-068,Unstable trend: return on assets,Financial Analytics Rules,financial_analytics,Medium,pass,Validation passed,"{'ROA': np.float64(0.1588), 'robust_z': None}"
AARTI DRUGS LTD,2021,FA-069,Unstable trend: debt-to-equity ratio,Financial Analytics Rules,financial_analytics,Medium,skipped,Unavailable metrics: ['Debt_Equity_Ratio'],{}
AARTI DRUGS LTD,2021,FA-070,Unstable trend: debt ratio,Financial Analytics Rules,financial_analytics,Medium,skipped,Unavailable metrics: ['Debt_Ratio'],{}
AARTI DRUGS LTD,2021,FA-071,Unstable trend: equity ratio,Financial Analytics Rules,financial_analytics,Medium,skipped,Unavailable metrics: ['Equity_Ratio'],{}
AARTI DRUGS LTD,2021,FA-072,Unstable trend: interest coverage,Financial Analytics Rules,financial_analytics,Medium,skipped,Unavailable metrics: ['Interest_Coverage_Ratio'],{}
AARTI DRUGS LTD,2021,FA-073,Unstable trend: borrowing dependency,Financial Analytics Rules,financial_analytics,Medium,skipped,Unavailable metrics: ['Borrowing_Dependency_Ratio'],{}
AARTI DRUGS LTD,2021,FA-074,Unstable trend: working capital ratio,Financial Analytics Rules,financial_analytics,Medium,pass,Validation passed,"{'Working_Capital_Ratio': np.float64(0.0055), 'robust_z': None}"
AARTI DRUGS LTD,2021,FA-075,Unstable trend: asset utilization,Financial Analytics Rules,financial_analytics,Medium,skipped,Unavailable metrics: ['Asset_Utilization_Ratio'],{}
AARTI DRUGS LTD,2021,FA-076,Unstable trend: receivable ratio,Financial Analytics Rules,financial_analytics,Medium,pass,Validation passed,"{'Receivable_Ratio': np.float64(0.2577), 'robust_z': None}"
AARTI DRUGS LTD,2021,FA-077,Unstable trend: inventory ratio,Financial Analytics Rules,financial_analytics,Medium,pass,Validation passed,"{'Inventory_Ratio': np.float64(0.1926), 'robust_z': None}"
AARTI DRUGS LTD,2021,FA-078,Unstable trend: expense ratio,Financial Analytics Rules,financial_analytics,Medium,pass,Validation passed,"{'Expense_Ratio': np.float64(0.8418), 'robust_z': None}"
AARTI DRUGS LTD,2021,FA-079,Unstable trend: depreciation ratio,Financial Analytics Rules,financial_analytics,Medium,pass,Validation passed,"{'Depreciation_Ratio': np.float64(0.0282), 'robust_z': None}"
AARTI DRUGS LTD,2021,FA-080,Unstable trend: operating-cash-flow ratio,Financial Analytics Rules,financial_analytics,Medium,pass,Validation passed,"{'Operating_CF_Ratio': np.float64(0.0719), 'robust_z': None}"
AARTI DRUGS LTD,2021,FA-081,Unstable trend: cash-to-debt ratio,Financial Analytics Rules,financial_analytics,Medium,skipped,Unavailable metrics: ['Cash_To_Debt_Ratio'],{}
AARTI DRUGS LTD,2021,FA-082,Unstable trend: cash margin,Financial Analytics Rules,financial_analytics,Medium,pass,Validation passed,"{'Cash_Margin': np.float64(0.5526), 'robust_z': None}"
AARTI DRUGS LTD,2021,FA-083,Unstable trend: revenue growth,Financial Analytics Rules,financial_analytics,Medium,pass,Validation passed,"{'Revenue_Growth': np.float64(0.1931), 'robust_z': None}"
AARTI DRUGS LTD,2021,FA-084,Unstable trend: profit growth,Financial Analytics Rules,financial_analytics,Medium,pass,Validation passed,"{'Profit_Growth': np.float64(0.9831), 'robust_z': None}"
AARTI DRUGS LTD,2021,FA-085,Unstable trend: borrowing growth,Financial Analytics Rules,financial_analytics,Medium,pass,Validation passed,"{'Borrowing_Growth': np.float64(-0.0975), 'robust_z': None}"
AARTI DRUGS LTD,2021,FA-086,Unstable trend: asset growth,Financial Analytics Rules,financial_analytics,Medium,pass,Validation passed,"{'Asset_Growth': np.float64(0.1202), 'robust_z': None}"
AARTI DRUGS LTD,2021,FA-087,Unstable trend: reserve growth,Financial Analytics Rules,financial_analytics,Medium,pass,Validation passed,"{'Reserve_Growth': np.float64(0.3036), 'robust_z': None}"
AARTI DRUGS LTD,2021,FA-088,Unstable trend: operating-cash-flow growth,Financial Analytics Rules,financial_analytics,Medium,pass,Validation passed,"{'Operating_CF_Growth': np.float64(-0.382), 'robust_z': None}"
AARTI DRUGS LTD,2021,FA-089,Unstable trend: receivable growth,Financial Analytics Rules,financial_analytics,Medium,pass,Validation passed,"{'Receivable_Growth': np.float64(0.1363), 'robust_z': None}"
AARTI DRUGS LTD,2021,FA-090,Unstable trend: inventory growth,Financial Analytics Rules,financial_analytics,Medium,pass,Validation passed,"{'Inventory_Growth': np.float64(0.2754), 'robust_z': None}"
AARTI DRUGS LTD,2021,FA-091,Unstable trend: cash growth,Financial Analytics Rules,financial_analytics,Medium,pass,Validation passed,"{'Cash_Growth': np.float64(0.2801), 'robust_z': None}"
AARTI DRUGS LTD,2021,FA-092,Unstable trend: three-year revenue CAGR,Financial Analytics Rules,financial_analytics,Medium,pass,Validation passed,"{'Revenue_CAGR_3Y': np.float64(0.2011), 'robust_z': None}"
AARTI DRUGS LTD,2021,FA-093,Unstable trend: three-year profit CAGR,Financial Analytics Rules,financial_analytics,Medium,pass,Validation passed,"{'Profit_CAGR_3Y': np.float64(0.5047), 'robust_z': None}"
AARTI DRUGS LTD,2021,FA-094,Unstable trend: revenue volatility,Financial Analytics Rules,financial_analytics,Medium,pass,Validation passed,"{'Revenue_Volatility': np.float64(298.4206), 'robust_z': None}"
AARTI DRUGS LTD,2021,FA-095,Unstable trend: profit volatility,Financial Analytics Rules,financial_analytics,Medium,pass,Validation passed,"{'Profit_Volatility': np.float64(98.6093), 'robust_z': None}"
AARTI DRUGS LTD,2021,FA-096,Unstable trend: operating-cash-flow volatility,Financial Analytics Rules,financial_analytics,Medium,pass,Validation passed,"{'Operating_CF_Volatility': np.float64(59.0267), 'robust_z': None}"
AARTI DRUGS LTD,2021,FA-097,Revenue growth with profit decline,Financial Analytics Rules,financial_analytics,High,pass,Validation passed,"{'Revenue_Growth': np.float64(0.1931), 'Profit_Growth': np.float64(0.9831)}"
AARTI DRUGS LTD,2021,FA-098,Revenue growth with operating cash-flow decline,Financial Analytics Rules,financial_analytics,High,fail,Validation triggered,"{'Revenue_Growth': np.float64(0.1931), 'Operating_CF_Growth': np.float64(-0.382)}"
AARTI DRUGS LTD,2021,FA-099,Receivables growth exceeding revenue growth,Financial Analytics Rules,financial_analytics,High,pass,Validation passed,"{'Receivable_Growth': np.float64(0.1363), 'Revenue_Growth': np.float64(0.1931)}"
AARTI DRUGS LTD,2021,FA-100,Inventory growth with revenue decline,Financial Analytics Rules,financial_analytics,High,pass,Validation passed,"{'Inventory_Growth': np.float64(0.2754), 'Revenue_Growth': np.float64(0.1931)}"
AARTI DRUGS LTD,2021,FA-101,Borrowing growth with cash decline,Financial Analytics Rules,financial_analytics,High,pass,Validation passed,"{'Borrowing_Growth': np.float64(-0.0975), 'Cash_Growth': np.float64(0.2801)}"
AARTI DRUGS LTD,2021,FA-102,Borrowing growth with flat revenue,Financial Analytics Rules,financial_analytics,High,pass,Validation passed,"{'Borrowing_Growth': np.float64(-0.0975), 'Revenue_Growth': np.float64(0.1931)}"
AARTI DRUGS LTD,2021,FA-103,Revenue growth with operating-margin decline,Financial Analytics Rules,financial_analytics,High,pass,Validation passed,"{'Revenue_Growth': np.float64(0.1931), 'Operating_Margin': np.float64(0.1604)}"
AARTI DRUGS LTD,2021,FA-104,Profit growth with cash decline,Financial Analytics Rules,financial_analytics,High,pass,Validation passed,"{'Profit_Growth': np.float64(0.9831), 'Cash_Growth': np.float64(0.2801)}"
AARTI DRUGS LTD,2021,FA-105,Debt growth with interest-coverage decline,Financial Analytics Rules,financial_analytics,High,skipped,Unavailable metrics: ['Interest_Coverage_Ratio'],{}
AARTI DRUGS LTD,2021,FA-106,Operating cash flow below net profit,Financial Analytics Rules,financial_analytics,High,fail,Validation triggered,"{'Cash from Operating Activity': np.float64(154.95), 'Net profit': np.float64(280.41)}"
AARTI DRUGS LTD,2021,FA-107,Cash decline amid positive operating cash flow,Financial Analytics Rules,financial_analytics,Medium,pass,Validation passed,"{'Cash_Growth': np.float64(0.2801), 'Cash from Operating Activity': np.float64(154.95)}"
AARTI DRUGS LTD,2021,FA-108,Cash-flow composition outlier,Financial Analytics Rules,financial_analytics,Medium,pass,Validation passed,"{'Cash from Operating Activity': np.float64(154.95), 'Cash from Investing Activity': np.float64(-71.78), 'Cash from Financing Activity': np.float64(-81.13)}"
AARTI DRUGS LTD,2021,IS-002,Gross margin consistency,Handbook Rules,trend,Medium,skipped,Unavailable metrics: ['gross_margin'],{}
AARTI DRUGS LTD,2021,IS-007,Interest expense reasonableness,Handbook Rules,analytical,Medium,pass,Validation passed,"{'Interest': np.float64(26.23), 'Borrowings': np.float64(350.76)}"
AARTI DRUGS LTD,2021,IS-008,Effective tax rate reasonableness,Handbook Rules,analytical,Medium,skipped,Unavailable metrics: ['effective_tax_rate'],{}
AARTI DRUGS LTD,2021,IS-010,Unusual expense spike detection,Handbook Rules,trend,High,skipped,Unavailable metrics: ['Total Expenses'],{}
AARTI DRUGS LTD,2021,IS-011,Revenue versus operating cash flow correlation,Handbook Rules,cross_statement,High,fail,Validation triggered,"{'Revenue_Growth': np.float64(0.1931), 'Operating_CF_Growth': np.float64(-0.382)}"
AARTI DRUGS LTD,2021,IS-013,Net income to reserve movement plausibility,Handbook Rules,cross_statement,Critical,fail,Validation triggered,"{'Net profit': np.float64(280.41), 'Dividend Amount': np.float64(23.3), 'Reserves': np.float64(820.22)}"
AARTI DRUGS LTD,2021,IS-016,Depreciation expense consistency,Handbook Rules,trend,Medium,pass,Validation passed,"{'Depreciation_Ratio': np.float64(0.0282), 'robust_z': None}"
AARTI DRUGS LTD,2021,LED-001,Accounting equation,Handbook Rules,integrity,Critical,pass,Validation passed,"{'Total Assets': np.float64(1766.01), 'Total Liabilities': np.float64(1766.01), 'Equity Share Capital': np.float64(93.2), 'Reserves': np.float64(820.22)}"
AARTI DRUGS LTD,2021,RAT-005,Debt-to-equity ratio,Handbook Rules,ratio,High,skipped,Unavailable metrics: ['Debt_Equity_Ratio'],{}
AARTI DRUGS LTD,2021,RAT-006,Debt-to-assets ratio,Handbook Rules,ratio,High,skipped,Unavailable metrics: ['Debt_Ratio'],{}
AARTI DRUGS LTD,2021,RAT-007,Equity ratio,Handbook Rules,ratio,High,skipped,Unavailable metrics: ['Equity_Ratio'],{}
AARTI DRUGS LTD,2021,RAT-008,Interest coverage ratio,Handbook Rules,ratio,High,skipped,Unavailable metrics: ['Interest_Coverage_Ratio'],{}
AARTI DRUGS LTD,2021,RAT-010,Gross profit margin trend,Handbook Rules,trend,Medium,skipped,Unavailable metrics: ['gross_margin'],{}
AARTI DRUGS LTD,2021,RAT-011,Net profit margin trend,Handbook Rules,trend,Medium,pass,Validation passed,{'Profit_Margin': np.float64(0.1301)}
AARTI DRUGS LTD,2021,RAT-012,Operating margin trend,Handbook Rules,trend,Medium,pass,Validation passed,{'Operating_Margin': np.float64(0.1604)}
AARTI DRUGS LTD,2021,RAT-014,Return on assets outlier,Handbook Rules,ratio,Medium,pass,Validation passed,"{'ROA': np.float64(0.1588), 'robust_z': None}"
AARTI DRUGS LTD,2021,RAT-015,Return on equity outlier,Handbook Rules,ratio,Medium,pass,Validation passed,"{'ROE': np.float64(0.307), 'robust_z': None}"
AARTI DRUGS LTD,2021,RAT-017,Asset turnover outlier,Handbook Rules,ratio,Medium,skipped,Unavailable metrics: ['Asset_Utilization_Ratio'],{}
AARTI DRUGS LTD,2021,RAT-018,Inventory turnover outlier,Handbook Rules,ratio,Medium,skipped,Unavailable metrics: ['inventory_turnover'],{}
AARTI DRUGS LTD,2021,RAT-019,Receivables turnover outlier,Handbook Rules,ratio,Medium,skipped,Unavailable metrics: ['receivables_turnover'],{}
AARTI DRUGS LTD,2021,RAT-020,Days sales outstanding trend,Handbook Rules,trend,Medium,skipped,Unavailable metrics: ['dso'],{}
AARTI DRUGS LTD,2021,RAT-022,Days inventory outstanding trend,Handbook Rules,trend,Medium,skipped,Unavailable metrics: ['dio'],{}
AARTI DRUGS LTD,2021,RAT-024,Revenue growth rate,Handbook Rules,trend,Medium,pass,Validation passed,{'Revenue_Growth': np.float64(0.1931)}
AARTI DRUGS LTD,2021,TR-001,Year-over-year revenue variance,Handbook Rules,trend,Medium,pass,Validation passed,"{'Revenue_Growth': np.float64(0.1931), 'robust_z': None}"
AARTI DRUGS LTD,2021,TR-002,Year-over-year expense variance,Handbook Rules,trend,Medium,skipped,Unavailable metrics: ['Total Expenses'],{}
AARTI DRUGS LTD,2021,TR-003,Multi-year trend consistency,Handbook Rules,trend,Medium,pass,Validation passed,"{'Revenue_Volatility': np.float64(298.4206), 'robust_z': None}"
AARTI DRUGS LTD,2021,TR-006,Common-size statement analysis,Handbook Rules,trend,Medium,pass,Validation passed,"{'Expense_Ratio': np.float64(0.8418), 'robust_z': None}"
AARTI DRUGS LTD,2021,TR-009,Margin trend stability,Handbook Rules,trend,Medium,pass,Validation passed,"{'Profit_Margin': np.float64(0.1301), 'Operating_Margin': np.float64(0.1604), 'robust_z': None}"
AARTI DRUGS LTD,2022,BS-001,Balance sheet equation,Handbook Rules,integrity,Critical,pass,Validation passed,"{'Total Assets': np.float64(2207.96), 'Total Liabilities': np.float64(2207.96), 'Equity Share Capital': np.float64(92.6), 'Reserves': np.float64(943.76)}"
AARTI DRUGS LTD,2022,BS-009,Negative total equity,Handbook Rules,solvency,High,pass,Validation passed,"{'Equity Share Capital': np.float64(92.6), 'Reserves': np.float64(943.76)}"
AARTI DRUGS LTD,2022,CF-002,Cash flow to cash-balance tie-out,Handbook Rules,integrity,Critical,fail,Validation triggered,"{'Cash & Bank': np.float64(22.33), 'Net Cash Flow': np.float64(12.8)}"
AARTI DRUGS LTD,2022,CF-004,Financing activity plausibility,Handbook Rules,cross_statement,High,pass,Validation passed,"{'Borrowings': np.float64(542.82), 'Dividend Amount': np.float64(9.26), 'Cash from Financing Activity': np.float64(92.03)}"
AARTI DRUGS LTD,2022,CF-006,Depreciation non-cash adjustment plausibility,Handbook Rules,cross_statement,High,pass,Validation passed,"{'Net profit': np.float64(205.04), 'Depreciation': np.float64(50.05), 'Cash from Operating Activity': np.float64(70.41)}"
AARTI DRUGS LTD,2022,CF-008,Sustained negative operating cash flow,Handbook Rules,trend,High,pass,Validation passed,{'Cash from Operating Activity': np.float64(70.41)}
AARTI DRUGS LTD,2022,CF-009,Cash flow versus net income divergence,Handbook Rules,cross_statement,High,pass,Validation passed,"{'Operating_CF_Ratio': np.float64(0.0283), 'robust_z': None}"
AARTI DRUGS LTD,2022,CF-010,Dividend versus reserves,Handbook Rules,solvency,High,pass,Validation passed,"{'Dividend Amount': np.float64(9.26), 'Reserves': np.float64(943.76)}"
AARTI DRUGS LTD,2022,DV-004,Mandatory field completeness,Handbook Rules,data_completeness,Critical,pass,Validation passed,"{'Company': 'AARTI DRUGS LTD', 'Year': np.int64(2022)}"
AARTI DRUGS LTD,2022,DV-007,Numeric financial value validation,Handbook Rules,data_completeness,High,pass,Validation passed,{}
AARTI DRUGS LTD,2022,DV-008,Unexpected negative cash or inventory,Handbook Rules,data_quality,Medium,pass,Validation passed,"{'Cash & Bank': np.float64(22.33), 'Inventory': np.float64(525.94)}"
AARTI DRUGS LTD,2022,DV-012,Input schema validation,Handbook Rules,data_completeness,High,pass,Validation passed,{}
AARTI DRUGS LTD,2022,DV-015,Statistical outlier screening,Handbook Rules,analytical,Medium,pass,Validation passed,"{'Sales': np.float64(2488.65), 'robust_z': None}"
AARTI DRUGS LTD,2022,DV-018,Reporting date consistency,Handbook Rules,data_completeness,Medium,skipped,Unavailable metrics: ['Report Date'],{}
AARTI DRUGS LTD,2022,FA-001,Adverse profit margin,Financial Analytics Rules,financial_analytics,Medium,pass,Validation passed,{'Profit_Margin': np.float64(0.0824)}
AARTI DRUGS LTD,2022,FA-002,Adverse operating margin,Financial Analytics Rules,financial_analytics,Medium,pass,Validation passed,{'Operating_Margin': np.float64(0.0393)}
AARTI DRUGS LTD,2022,FA-003,Adverse return on equity,Financial Analytics Rules,financial_analytics,Medium,pass,Validation passed,{'ROE': np.float64(0.1978)}
AARTI DRUGS LTD,2022,FA-004,Adverse return on assets,Financial Analytics Rules,financial_analytics,Medium,pass,Validation passed,{'ROA': np.float64(0.0929)}
AARTI DRUGS LTD,2022,FA-005,Adverse debt-to-equity ratio,Financial Analytics Rules,financial_analytics,Medium,skipped,Unavailable metrics: ['Debt_Equity_Ratio'],{}
AARTI DRUGS LTD,2022,FA-006,Adverse debt ratio,Financial Analytics Rules,financial_analytics,Medium,skipped,Unavailable metrics: ['Debt_Ratio'],{}
AARTI DRUGS LTD,2022,FA-007,Adverse equity ratio,Financial Analytics Rules,financial_analytics,Medium,skipped,Unavailable metrics: ['Equity_Ratio'],{}
AARTI DRUGS LTD,2022,FA-008,Adverse interest coverage,Financial Analytics Rules,financial_analytics,Medium,skipped,Unavailable metrics: ['Interest_Coverage_Ratio'],{}
AARTI DRUGS LTD,2022,FA-009,Adverse borrowing dependency,Financial Analytics Rules,financial_analytics,Medium,skipped,Unavailable metrics: ['Borrowing_Dependency_Ratio'],{}
AARTI DRUGS LTD,2022,FA-010,Adverse working capital ratio,Financial Analytics Rules,financial_analytics,Medium,pass,Validation passed,"{'Working_Capital_Ratio': np.float64(0.0101), 'robust_z': None}"
AARTI DRUGS LTD,2022,FA-011,Adverse asset utilization,Financial Analytics Rules,financial_analytics,Medium,skipped,Unavailable metrics: ['Asset_Utilization_Ratio'],{}
AARTI DRUGS LTD,2022,FA-012,Adverse receivable ratio,Financial Analytics Rules,financial_analytics,Medium,pass,Validation passed,"{'Receivable_Ratio': np.float64(0.3013), 'robust_z': None}"
AARTI DRUGS LTD,2022,FA-013,Adverse inventory ratio,Financial Analytics Rules,financial_analytics,Medium,pass,Validation passed,"{'Inventory_Ratio': np.float64(0.2113), 'robust_z': None}"
AARTI DRUGS LTD,2022,FA-014,Adverse expense ratio,Financial Analytics Rules,financial_analytics,Medium,pass,Validation passed,"{'Expense_Ratio': np.float64(0.9653), 'robust_z': None}"
AARTI DRUGS LTD,2022,FA-015,Adverse depreciation ratio,Financial Analytics Rules,financial_analytics,Medium,pass,Validation passed,"{'Depreciation_Ratio': np.float64(0.0227), 'robust_z': None}"
AARTI DRUGS LTD,2022,FA-016,Adverse operating-cash-flow ratio,Financial Analytics Rules,financial_analytics,Medium,pass,Validation passed,{'Operating_CF_Ratio': np.float64(0.0283)}
AARTI DRUGS LTD,2022,FA-017,Adverse cash-to-debt ratio,Financial Analytics Rules,financial_analytics,Medium,skipped,Unavailable metrics: ['Cash_To_Debt_Ratio'],{}
AARTI DRUGS LTD,2022,FA-018,Adverse cash margin,Financial Analytics Rules,financial_analytics,Medium,pass,Validation passed,{'Cash_Margin': np.float64(0.3434)}
AARTI DRUGS LTD,2022,FA-019,Adverse revenue growth,Financial Analytics Rules,financial_analytics,High,pass,Validation passed,{'Revenue_Growth': np.float64(0.1549)}
AARTI DRUGS LTD,2022,FA-020,Adverse profit growth,Financial Analytics Rules,financial_analytics,High,fail,Validation triggered,{'Profit_Growth': np.float64(-0.2688)}
AARTI DRUGS LTD,2022,FA-021,Adverse borrowing growth,Financial Analytics Rules,financial_analytics,High,pass,Validation passed,{'Borrowing_Growth': np.float64(0.5476)}
AARTI DRUGS LTD,2022,FA-022,Adverse asset growth,Financial Analytics Rules,financial_analytics,High,pass,Validation passed,{'Asset_Growth': np.float64(0.2503)}
AARTI DRUGS LTD,2022,FA-023,Adverse reserve growth,Financial Analytics Rules,financial_analytics,High,pass,Validation passed,{'Reserve_Growth': np.float64(0.1506)}
AARTI DRUGS LTD,2022,FA-024,Adverse operating-cash-flow growth,Financial Analytics Rules,financial_analytics,High,fail,Validation triggered,{'Operating_CF_Growth': np.float64(-0.5456)}
AARTI DRUGS LTD,2022,FA-025,Adverse receivable growth,Financial Analytics Rules,financial_analytics,High,pass,Validation passed,{'Receivable_Growth': np.float64(0.3506)}
AARTI DRUGS LTD,2022,FA-026,Adverse inventory growth,Financial Analytics Rules,financial_analytics,High,pass,Validation passed,{'Inventory_Growth': np.float64(0.2673)}
AARTI DRUGS LTD,2022,FA-027,Adverse cash growth,Financial Analytics Rules,financial_analytics,High,pass,Validation passed,{'Cash_Growth': np.float64(1.2832)}
AARTI DRUGS LTD,2022,FA-028,Adverse three-year revenue CAGR,Financial Analytics Rules,financial_analytics,Medium,pass,Validation passed,"{'Revenue_CAGR_3Y': np.float64(0.1682), 'robust_z': None}"
AARTI DRUGS LTD,2022,FA-029,Adverse three-year profit CAGR,Financial Analytics Rules,financial_analytics,Medium,pass,Validation passed,"{'Profit_CAGR_3Y': np.float64(0.317), 'robust_z': None}"
AARTI DRUGS LTD,2022,FA-030,Adverse revenue volatility,Financial Analytics Rules,financial_analytics,Medium,pass,Validation passed,"{'Revenue_Volatility': np.float64(341.3068), 'robust_z': None}"
AARTI DRUGS LTD,2022,FA-031,Adverse profit volatility,Financial Analytics Rules,financial_analytics,Medium,pass,Validation passed,"{'Profit_Volatility': np.float64(69.5874), 'robust_z': None}"
AARTI DRUGS LTD,2022,FA-032,Adverse operating-cash-flow volatility,Financial Analytics Rules,financial_analytics,Medium,pass,Validation passed,"{'Operating_CF_Volatility': np.float64(90.2235), 'robust_z': None}"
AARTI DRUGS LTD,2022,FA-033,Peer outlier: profit margin,Financial Analytics Rules,financial_analytics,Medium,pass,Validation passed,"{'Profit_Margin': np.float64(0.0824), 'robust_z': None}"
AARTI DRUGS LTD,2022,FA-034,Peer outlier: operating margin,Financial Analytics Rules,financial_analytics,Medium,pass,Validation passed,"{'Operating_Margin': np.float64(0.0393), 'robust_z': None}"
AARTI DRUGS LTD,2022,FA-035,Peer outlier: return on equity,Financial Analytics Rules,financial_analytics,Medium,pass,Validation passed,"{'ROE': np.float64(0.1978), 'robust_z': None}"
AARTI DRUGS LTD,2022,FA-036,Peer outlier: return on assets,Financial Analytics Rules,financial_analytics,Medium,pass,Validation passed,"{'ROA': np.float64(0.0929), 'robust_z': None}"
AARTI DRUGS LTD,2022,FA-037,Peer outlier: debt-to-equity ratio,Financial Analytics Rules,financial_analytics,Medium,skipped,Unavailable metrics: ['Debt_Equity_Ratio'],{}
AARTI DRUGS LTD,2022,FA-038,Peer outlier: debt ratio,Financial Analytics Rules,financial_analytics,Medium,skipped,Unavailable metrics: ['Debt_Ratio'],{}
AARTI DRUGS LTD,2022,FA-039,Peer outlier: equity ratio,Financial Analytics Rules,financial_analytics,Medium,skipped,Unavailable metrics: ['Equity_Ratio'],{}
AARTI DRUGS LTD,2022,FA-040,Peer outlier: interest coverage,Financial Analytics Rules,financial_analytics,Medium,skipped,Unavailable metrics: ['Interest_Coverage_Ratio'],{}
AARTI DRUGS LTD,2022,FA-041,Peer outlier: borrowing dependency,Financial Analytics Rules,financial_analytics,Medium,skipped,Unavailable metrics: ['Borrowing_Dependency_Ratio'],{}
AARTI DRUGS LTD,2022,FA-042,Peer outlier: working capital ratio,Financial Analytics Rules,financial_analytics,Medium,pass,Validation passed,"{'Working_Capital_Ratio': np.float64(0.0101), 'robust_z': None}"
AARTI DRUGS LTD,2022,FA-043,Peer outlier: asset utilization,Financial Analytics Rules,financial_analytics,Medium,skipped,Unavailable metrics: ['Asset_Utilization_Ratio'],{}
AARTI DRUGS LTD,2022,FA-044,Peer outlier: receivable ratio,Financial Analytics Rules,financial_analytics,Medium,pass,Validation passed,"{'Receivable_Ratio': np.float64(0.3013), 'robust_z': None}"
AARTI DRUGS LTD,2022,FA-045,Peer outlier: inventory ratio,Financial Analytics Rules,financial_analytics,Medium,pass,Validation passed,"{'Inventory_Ratio': np.float64(0.2113), 'robust_z': None}"
AARTI DRUGS LTD,2022,FA-046,Peer outlier: expense ratio,Financial Analytics Rules,financial_analytics,Medium,pass,Validation passed,"{'Expense_Ratio': np.float64(0.9653), 'robust_z': None}"
AARTI DRUGS LTD,2022,FA-047,Peer outlier: depreciation ratio,Financial Analytics Rules,financial_analytics,Medium,pass,Validation passed,"{'Depreciation_Ratio': np.float64(0.0227), 'robust_z': None}"
AARTI DRUGS LTD,2022,FA-048,Peer outlier: operating-cash-flow ratio,Financial Analytics Rules,financial_analytics,Medium,pass,Validation passed,"{'Operating_CF_Ratio': np.float64(0.0283), 'robust_z': None}"
AARTI DRUGS LTD,2022,FA-049,Peer outlier: cash-to-debt ratio,Financial Analytics Rules,financial_analytics,Medium,skipped,Unavailable metrics: ['Cash_To_Debt_Ratio'],{}
AARTI DRUGS LTD,2022,FA-050,Peer outlier: cash margin,Financial Analytics Rules,financial_analytics,Medium,pass,Validation passed,"{'Cash_Margin': np.float64(0.3434), 'robust_z': None}"
AARTI DRUGS LTD,2022,FA-051,Peer outlier: revenue growth,Financial Analytics Rules,financial_analytics,Medium,pass,Validation passed,"{'Revenue_Growth': np.float64(0.1549), 'robust_z': None}"
AARTI DRUGS LTD,2022,FA-052,Peer outlier: profit growth,Financial Analytics Rules,financial_analytics,Medium,pass,Validation passed,"{'Profit_Growth': np.float64(-0.2688), 'robust_z': None}"
AARTI DRUGS LTD,2022,FA-053,Peer outlier: borrowing growth,Financial Analytics Rules,financial_analytics,Medium,pass,Validation passed,"{'Borrowing_Growth': np.float64(0.5476), 'robust_z': None}"
AARTI DRUGS LTD,2022,FA-054,Peer outlier: asset growth,Financial Analytics Rules,financial_analytics,Medium,pass,Validation passed,"{'Asset_Growth': np.float64(0.2503), 'robust_z': None}"
AARTI DRUGS LTD,2022,FA-055,Peer outlier: reserve growth,Financial Analytics Rules,financial_analytics,Medium,pass,Validation passed,"{'Reserve_Growth': np.float64(0.1506), 'robust_z': None}"
AARTI DRUGS LTD,2022,FA-056,Peer outlier: operating-cash-flow growth,Financial Analytics Rules,financial_analytics,Medium,pass,Validation passed,"{'Operating_CF_Growth': np.float64(-0.5456), 'robust_z': None}"
AARTI DRUGS LTD,2022,FA-057,Peer outlier: receivable growth,Financial Analytics Rules,financial_analytics,Medium,pass,Validation passed,"{'Receivable_Growth': np.float64(0.3506), 'robust_z': None}"
AARTI DRUGS LTD,2022,FA-058,Peer outlier: inventory growth,Financial Analytics Rules,financial_analytics,Medium,pass,Validation passed,"{'Inventory_Growth': np.float64(0.2673), 'robust_z': None}"
AARTI DRUGS LTD,2022,FA-059,Peer outlier: cash growth,Financial Analytics Rules,financial_analytics,Medium,pass,Validation passed,"{'Cash_Growth': np.float64(1.2832), 'robust_z': None}"
AARTI DRUGS LTD,2022,FA-060,Peer outlier: three-year revenue CAGR,Financial Analytics Rules,financial_analytics,Medium,pass,Validation passed,"{'Revenue_CAGR_3Y': np.float64(0.1682), 'robust_z': None}"
AARTI DRUGS LTD,2022,FA-061,Peer outlier: three-year profit CAGR,Financial Analytics Rules,financial_analytics,Medium,pass,Validation passed,"{'Profit_CAGR_3Y': np.float64(0.317), 'robust_z': None}"
AARTI DRUGS LTD,2022,FA-062,Peer outlier: revenue volatility,Financial Analytics Rules,financial_analytics,Medium,pass,Validation passed,"{'Revenue_Volatility': np.float64(341.3068), 'robust_z': None}"
AARTI DRUGS LTD,2022,FA-063,Peer outlier: profit volatility,Financial Analytics Rules,financial_analytics,Medium,pass,Validation passed,"{'Profit_Volatility': np.float64(69.5874), 'robust_z': None}"
AARTI DRUGS LTD,2022,FA-064,Peer outlier: operating-cash-flow volatility,Financial Analytics Rules,financial_analytics,Medium,pass,Validation passed,"{'Operating_CF_Volatility': np.float64(90.2235), 'robust_z': None}"
AARTI DRUGS LTD,2022,FA-065,Unstable trend: profit margin,Financial Analytics Rules,financial_analytics,Medium,pass,Validation passed,"{'Profit_Margin': np.float64(0.0824), 'robust_z': None}"
AARTI DRUGS LTD,2022,FA-066,Unstable trend: operating margin,Financial Analytics Rules,financial_analytics,Medium,pass,Validation passed,"{'Operating_Margin': np.float64(0.0393), 'robust_z': None}"
AARTI DRUGS LTD,2022,FA-067,Unstable trend: return on equity,Financial Analytics Rules,financial_analytics,Medium,pass,Validation passed,"{'ROE': np.float64(0.1978), 'robust_z': None}"
AARTI DRUGS LTD,2022,FA-068,Unstable trend: return on assets,Financial Analytics Rules,financial_analytics,Medium,pass,Validation passed,"{'ROA': np.float64(0.0929), 'robust_z': None}"
AARTI DRUGS LTD,2022,FA-069,Unstable trend: debt-to-equity ratio,Financial Analytics Rules,financial_analytics,Medium,skipped,Unavailable metrics: ['Debt_Equity_Ratio'],{}
AARTI DRUGS LTD,2022,FA-070,Unstable trend: debt ratio,Financial Analytics Rules,financial_analytics,Medium,skipped,Unavailable metrics: ['Debt_Ratio'],{}
AARTI DRUGS LTD,2022,FA-071,Unstable trend: equity ratio,Financial Analytics Rules,financial_analytics,Medium,skipped,Unavailable metrics: ['Equity_Ratio'],{}
AARTI DRUGS LTD,2022,FA-072,Unstable trend: interest coverage,Financial Analytics Rules,financial_analytics,Medium,skipped,Unavailable metrics: ['Interest_Coverage_Ratio'],{}
AARTI DRUGS LTD,2022,FA-073,Unstable trend: borrowing dependency,Financial Analytics Rules,financial_analytics,Medium,skipped,Unavailable metrics: ['Borrowing_Dependency_Ratio'],{}
AARTI DRUGS LTD,2022,FA-074,Unstable trend: working capital ratio,Financial Analytics Rules,financial_analytics,Medium,pass,Validation passed,"{'Working_Capital_Ratio': np.float64(0.0101), 'robust_z': None}"
AARTI DRUGS LTD,2022,FA-075,Unstable trend: asset utilization,Financial Analytics Rules,financial_analytics,Medium,skipped,Unavailable metrics: ['Asset_Utilization_Ratio'],{}
AARTI DRUGS LTD,2022,FA-076,Unstable trend: receivable ratio,Financial Analytics Rules,financial_analytics,Medium,pass,Validation passed,"{'Receivable_Ratio': np.float64(0.3013), 'robust_z': None}"
AARTI DRUGS LTD,2022,FA-077,Unstable trend: inventory ratio,Financial Analytics Rules,financial_analytics,Medium,pass,Validation passed,"{'Inventory_Ratio': np.float64(0.2113), 'robust_z': None}"
AARTI DRUGS LTD,2022,FA-078,Unstable trend: expense ratio,Financial Analytics Rules,financial_analytics,Medium,pass,Validation passed,"{'Expense_Ratio': np.float64(0.9653), 'robust_z': None}"
AARTI DRUGS LTD,2022,FA-079,Unstable trend: depreciation ratio,Financial Analytics Rules,financial_analytics,Medium,pass,Validation passed,"{'Depreciation_Ratio': np.float64(0.0227), 'robust_z': None}"
AARTI DRUGS LTD,2022,FA-080,Unstable trend: operating-cash-flow ratio,Financial Analytics Rules,financial_analytics,Medium,pass,Validation passed,"{'Operating_CF_Ratio': np.float64(0.0283), 'robust_z': None}"
AARTI DRUGS LTD,2022,FA-081,Unstable trend: cash-to-debt ratio,Financial Analytics Rules,financial_analytics,Medium,skipped,Unavailable metrics: ['Cash_To_Debt_Ratio'],{}
AARTI DRUGS LTD,2022,FA-082,Unstable trend: cash margin,Financial Analytics Rules,financial_analytics,Medium,pass,Validation passed,"{'Cash_Margin': np.float64(0.3434), 'robust_z': None}"
AARTI DRUGS LTD,2022,FA-083,Unstable trend: revenue growth,Financial Analytics Rules,financial_analytics,Medium,pass,Validation passed,"{'Revenue_Growth': np.float64(0.1549), 'robust_z': None}"
AARTI DRUGS LTD,2022,FA-084,Unstable trend: profit growth,Financial Analytics Rules,financial_analytics,Medium,pass,Validation passed,"{'Profit_Growth': np.float64(-0.2688), 'robust_z': None}"
AARTI DRUGS LTD,2022,FA-085,Unstable trend: borrowing growth,Financial Analytics Rules,financial_analytics,Medium,pass,Validation passed,"{'Borrowing_Growth': np.float64(0.5476), 'robust_z': None}"
AARTI DRUGS LTD,2022,FA-086,Unstable trend: asset growth,Financial Analytics Rules,financial_analytics,Medium,pass,Validation passed,"{'Asset_Growth': np.float64(0.2503), 'robust_z': None}"
AARTI DRUGS LTD,2022,FA-087,Unstable trend: reserve growth,Financial Analytics Rules,financial_analytics,Medium,pass,Validation passed,"{'Reserve_Growth': np.float64(0.1506), 'robust_z': None}"
AARTI DRUGS LTD,2022,FA-088,Unstable trend: operating-cash-flow growth,Financial Analytics Rules,financial_analytics,Medium,pass,Validation passed,"{'Operating_CF_Growth': np.float64(-0.5456), 'robust_z': None}"
AARTI DRUGS LTD,2022,FA-089,Unstable trend: receivable growth,Financial Analytics Rules,financial_analytics,Medium,pass,Validation passed,"{'Receivable_Growth': np.float64(0.3506), 'robust_z': None}"
AARTI DRUGS LTD,2022,FA-090,Unstable trend: inventory growth,Financial Analytics Rules,financial_analytics,Medium,pass,Validation passed,"{'Inventory_Growth': np.float64(0.2673), 'robust_z': None}"
AARTI DRUGS LTD,2022,FA-091,Unstable trend: cash growth,Financial Analytics Rules,financial_analytics,Medium,pass,Validation passed,"{'Cash_Growth': np.float64(1.2832), 'robust_z': None}"
AARTI DRUGS LTD,2022,FA-092,Unstable trend: three-year revenue CAGR,Financial Analytics Rules,financial_analytics,Medium,pass,Validation passed,"{'Revenue_CAGR_3Y': np.float64(0.1682), 'robust_z': None}"
AARTI DRUGS LTD,2022,FA-093,Unstable trend: three-year profit CAGR,Financial Analytics Rules,financial_analytics,Medium,pass,Validation passed,"{'Profit_CAGR_3Y': np.float64(0.317), 'robust_z': None}"
AARTI DRUGS LTD,2022,FA-094,Unstable trend: revenue volatility,Financial Analytics Rules,financial_analytics,Medium,pass,Validation passed,"{'Revenue_Volatility': np.float64(341.3068), 'robust_z': None}"
AARTI DRUGS LTD,2022,FA-095,Unstable trend: profit volatility,Financial Analytics Rules,financial_analytics,Medium,pass,Validation passed,"{'Profit_Volatility': np.float64(69.5874), 'robust_z': None}"
AARTI DRUGS LTD,2022,FA-096,Unstable trend: operating-cash-flow volatility,Financial Analytics Rules,financial_analytics,Medium,pass,Validation passed,"{'Operating_CF_Volatility': np.float64(90.2235), 'robust_z': None}"
AARTI DRUGS LTD,2022,FA-097,Revenue growth with profit decline,Financial Analytics Rules,financial_analytics,High,fail,Validation triggered,"{'Revenue_Growth': np.float64(0.1549), 'Profit_Growth': np.float64(-0.2688)}"
AARTI DRUGS LTD,2022,FA-098,Revenue growth with operating cash-flow decline,Financial Analytics Rules,financial_analytics,High,fail,Validation triggered,"{'Revenue_Growth': np.float64(0.1549), 'Operating_CF_Growth': np.float64(-0.5456)}"
AARTI DRUGS LTD,2022,FA-099,Receivables growth exceeding revenue growth,Financial Analytics Rules,financial_analytics,High,pass,Validation passed,"{'Receivable_Growth': np.float64(0.3506), 'Revenue_Growth': np.float64(0.1549)}"
AARTI DRUGS LTD,2022,FA-100,Inventory growth with revenue decline,Financial Analytics Rules,financial_analytics,High,pass,Validation passed,"{'Inventory_Growth': np.float64(0.2673), 'Revenue_Growth': np.float64(0.1549)}"
AARTI DRUGS LTD,2022,FA-101,Borrowing growth with cash decline,Financial Analytics Rules,financial_analytics,High,pass,Validation passed,"{'Borrowing_Growth': np.float64(0.5476), 'Cash_Growth': np.float64(1.2832)}"
AARTI DRUGS LTD,2022,FA-102,Borrowing growth with flat revenue,Financial Analytics Rules,financial_analytics,High,pass,Validation passed,"{'Borrowing_Growth': np.float64(0.5476), 'Revenue_Growth': np.float64(0.1549)}"
AARTI DRUGS LTD,2022,FA-103,Revenue growth with operating-margin decline,Financial Analytics Rules,financial_analytics,High,pass,Validation passed,"{'Revenue_Growth': np.float64(0.1549), 'Operating_Margin': np.float64(0.0393)}"
AARTI DRUGS LTD,2022,FA-104,Profit growth with cash decline,Financial Analytics Rules,financial_analytics,High,pass,Validation passed,"{'Profit_Growth': np.float64(-0.2688), 'Cash_Growth': np.float64(1.2832)}"
AARTI DRUGS LTD,2022,FA-105,Debt growth with interest-coverage decline,Financial Analytics Rules,financial_analytics,High,skipped,Unavailable metrics: ['Interest_Coverage_Ratio'],{}
AARTI DRUGS LTD,2022,FA-106,Operating cash flow below net profit,Financial Analytics Rules,financial_analytics,High,fail,Validation triggered,"{'Cash from Operating Activity': np.float64(70.41), 'Net profit': np.float64(205.04)}"
AARTI DRUGS LTD,2022,FA-107,Cash decline amid positive operating cash flow,Financial Analytics Rules,financial_analytics,Medium,pass,Validation passed,"{'Cash_Growth': np.float64(1.2832), 'Cash from Operating Activity': np.float64(70.41)}"
AARTI DRUGS LTD,2022,FA-108,Cash-flow composition outlier,Financial Analytics Rules,financial_analytics,Medium,pass,Validation passed,"{'Cash from Operating Activity': np.float64(70.41), 'Cash from Investing Activity': np.float64(-149.64), 'Cash from Financing Activity': np.float64(92.03)}"
AARTI DRUGS LTD,2022,IS-002,Gross margin consistency,Handbook Rules,trend,Medium,skipped,Unavailable metrics: ['gross_margin'],{}
AARTI DRUGS LTD,2022,IS-007,Interest expense reasonableness,Handbook Rules,analytical,Medium,pass,Validation passed,"{'Interest': np.float64(23.91), 'Borrowings': np.float64(542.82)}"
AARTI DRUGS LTD,2022,IS-008,Effective tax rate reasonableness,Handbook Rules,analytical,Medium,skipped,Unavailable metrics: ['effective_tax_rate'],{}
AARTI DRUGS LTD,2022,IS-010,Unusual expense spike detection,Handbook Rules,trend,High,skipped,Unavailable metrics: ['Total Expenses'],{}
AARTI DRUGS LTD,2022,IS-011,Revenue versus operating cash flow correlation,Handbook Rules,cross_statement,High,fail,Validation triggered,"{'Revenue_Growth': np.float64(0.1549), 'Operating_CF_Growth': np.float64(-0.5456)}"
AARTI DRUGS LTD,2022,IS-013,Net income to reserve movement plausibility,Handbook Rules,cross_statement,Critical,fail,Validation triggered,"{'Net profit': np.float64(205.04), 'Dividend Amount': np.float64(9.26), 'Reserves': np.float64(943.76)}"
AARTI DRUGS LTD,2022,IS-016,Depreciation expense consistency,Handbook Rules,trend,Medium,pass,Validation passed,"{'Depreciation_Ratio': np.float64(0.0227), 'robust_z': None}"
AARTI DRUGS LTD,2022,LED-001,Accounting equation,Handbook Rules,integrity,Critical,pass,Validation passed,"{'Total Assets': np.float64(2207.96), 'Total Liabilities': np.float64(2207.96), 'Equity Share Capital': np.float64(92.6), 'Reserves': np.float64(943.76)}"
AARTI DRUGS LTD,2022,RAT-005,Debt-to-equity ratio,Handbook Rules,ratio,High,skipped,Unavailable metrics: ['Debt_Equity_Ratio'],{}
AARTI DRUGS LTD,2022,RAT-006,Debt-to-assets ratio,Handbook Rules,ratio,High,skipped,Unavailable metrics: ['Debt_Ratio'],{}
AARTI DRUGS LTD,2022,RAT-007,Equity ratio,Handbook Rules,ratio,High,skipped,Unavailable metrics: ['Equity_Ratio'],{}
AARTI DRUGS LTD,2022,RAT-008,Interest coverage ratio,Handbook Rules,ratio,High,skipped,Unavailable metrics: ['Interest_Coverage_Ratio'],{}
AARTI DRUGS LTD,2022,RAT-010,Gross profit margin trend,Handbook Rules,trend,Medium,skipped,Unavailable metrics: ['gross_margin'],{}
AARTI DRUGS LTD,2022,RAT-011,Net profit margin trend,Handbook Rules,trend,Medium,pass,Validation passed,{'Profit_Margin': np.float64(0.0824)}
AARTI DRUGS LTD,2022,RAT-012,Operating margin trend,Handbook Rules,trend,Medium,pass,Validation passed,{'Operating_Margin': np.float64(0.0393)}
AARTI DRUGS LTD,2022,RAT-014,Return on assets outlier,Handbook Rules,ratio,Medium,pass,Validation passed,"{'ROA': np.float64(0.0929), 'robust_z': None}"
AARTI DRUGS LTD,2022,RAT-015,Return on equity outlier,Handbook Rules,ratio,Medium,pass,Validation passed,"{'ROE': np.float64(0.1978), 'robust_z': None}"
AARTI DRUGS LTD,2022,RAT-017,Asset turnover outlier,Handbook Rules,ratio,Medium,skipped,Unavailable metrics: ['Asset_Utilization_Ratio'],{}
AARTI DRUGS LTD,2022,RAT-018,Inventory turnover outlier,Handbook Rules,ratio,Medium,skipped,Unavailable metrics: ['inventory_turnover'],{}
AARTI DRUGS LTD,2022,RAT-019,Receivables turnover outlier,Handbook Rules,ratio,Medium,skipped,Unavailable metrics: ['receivables_turnover'],{}
AARTI DRUGS LTD,2022,RAT-020,Days sales outstanding trend,Handbook Rules,trend,Medium,skipped,Unavailable metrics: ['dso'],{}
AARTI DRUGS LTD,2022,RAT-022,Days inventory outstanding trend,Handbook Rules,trend,Medium,skipped,Unavailable metrics: ['dio'],{}
AARTI DRUGS LTD,2022,RAT-024,Revenue growth rate,Handbook Rules,trend,Medium,pass,Validation passed,{'Revenue_Growth': np.float64(0.1549)}
AARTI DRUGS LTD,2022,TR-001,Year-over-year revenue variance,Handbook Rules,trend,Medium,pass,Validation passed,"{'Revenue_Growth': np.float64(0.1549), 'robust_z': None}"
AARTI DRUGS LTD,2022,TR-002,Year-over-year expense variance,Handbook Rules,trend,Medium,skipped,Unavailable metrics: ['Total Expenses'],{}
AARTI DRUGS LTD,2022,TR-003,Multi-year trend consistency,Handbook Rules,trend,Medium,pass,Validation passed,"{'Revenue_Volatility': np.float64(341.3068), 'robust_z': None}"
AARTI DRUGS LTD,2022,TR-006,Common-size statement analysis,Handbook Rules,trend,Medium,pass,Validation passed,"{'Expense_Ratio': np.float64(0.9653), 'robust_z': None}"
AARTI DRUGS LTD,2022,TR-009,Margin trend stability,Handbook Rules,trend,Medium,pass,Validation passed,"{'Profit_Margin': np.float64(0.0824), 'Operating_Margin': np.float64(0.0393), 'robust_z': None}"
AARTI DRUGS LTD,2023,BS-001,Balance sheet equation,Handbook Rules,integrity,Critical,pass,Validation passed,"{'Total Assets': np.float64(2421.4), 'Total Liabilities': np.float64(2421.4), 'Equity Share Capital': np.float64(92.6), 'Reserves': np.float64(1099.83)}"
AARTI DRUGS LTD,2023,BS-009,Negative total equity,Handbook Rules,solvency,High,pass,Validation passed,"{'Equity Share Capital': np.float64(92.6), 'Reserves': np.float64(1099.83)}"
AARTI DRUGS LTD,2023,CF-002,Cash flow to cash-balance tie-out,Handbook Rules,integrity,Critical,fail,Validation triggered,"{'Cash & Bank': np.float64(8.96), 'Net Cash Flow': np.float64(-14.11)}"
AARTI DRUGS LTD,2023,CF-004,Financing activity plausibility,Handbook Rules,cross_statement,High,pass,Validation passed,"{'Borrowings': np.float64(608.91), 'Dividend Amount': np.float64(9.26), 'Cash from Financing Activity': np.float64(16.54)}"
AARTI DRUGS LTD,2023,CF-006,Depreciation non-cash adjustment plausibility,Handbook Rules,cross_statement,High,pass,Validation passed,"{'Net profit': np.float64(166.31), 'Depreciation': np.float64(50.32), 'Cash from Operating Activity': np.float64(133.32)}"
AARTI DRUGS LTD,2023,CF-008,Sustained negative operating cash flow,Handbook Rules,trend,High,pass,Validation passed,{'Cash from Operating Activity': np.float64(133.32)}
AARTI DRUGS LTD,2023,CF-009,Cash flow versus net income divergence,Handbook Rules,cross_statement,High,pass,Validation passed,"{'Operating_CF_Ratio': np.float64(0.0491), 'robust_z': None}"
AARTI DRUGS LTD,2023,CF-010,Dividend versus reserves,Handbook Rules,solvency,High,pass,Validation passed,"{'Dividend Amount': np.float64(9.26), 'Reserves': np.float64(1099.83)}"
AARTI DRUGS LTD,2023,DV-004,Mandatory field completeness,Handbook Rules,data_completeness,Critical,pass,Validation passed,"{'Company': 'AARTI DRUGS LTD', 'Year': np.int64(2023)}"
AARTI DRUGS LTD,2023,DV-007,Numeric financial value validation,Handbook Rules,data_completeness,High,pass,Validation passed,{}
AARTI DRUGS LTD,2023,DV-008,Unexpected negative cash or inventory,Handbook Rules,data_quality,Medium,pass,Validation passed,"{'Cash & Bank': np.float64(8.96), 'Inventory': np.float64(516.29)}"
AARTI DRUGS LTD,2023,DV-012,Input schema validation,Handbook Rules,data_completeness,High,pass,Validation passed,{}
AARTI DRUGS LTD,2023,DV-015,Statistical outlier screening,Handbook Rules,analytical,Medium,pass,Validation passed,"{'Sales': np.float64(2716.05), 'robust_z': None}"
AARTI DRUGS LTD,2023,DV-018,Reporting date consistency,Handbook Rules,data_completeness,Medium,skipped,Unavailable metrics: ['Report Date'],{}
AARTI DRUGS LTD,2023,FA-001,Adverse profit margin,Financial Analytics Rules,financial_analytics,Medium,pass,Validation passed,{'Profit_Margin': np.float64(0.0612)}
AARTI DRUGS LTD,2023,FA-002,Adverse operating margin,Financial Analytics Rules,financial_analytics,Medium,pass,Validation passed,{'Operating_Margin': np.float64(0.0813)}
AARTI DRUGS LTD,2023,FA-003,Adverse return on equity,Financial Analytics Rules,financial_analytics,Medium,pass,Validation passed,{'ROE': np.float64(0.1395)}
AARTI DRUGS LTD,2023,FA-004,Adverse return on assets,Financial Analytics Rules,financial_analytics,Medium,pass,Validation passed,{'ROA': np.float64(0.0687)}
AARTI DRUGS LTD,2023,FA-005,Adverse debt-to-equity ratio,Financial Analytics Rules,financial_analytics,Medium,skipped,Unavailable metrics: ['Debt_Equity_Ratio'],{}
AARTI DRUGS LTD,2023,FA-006,Adverse debt ratio,Financial Analytics Rules,financial_analytics,Medium,skipped,Unavailable metrics: ['Debt_Ratio'],{}
AARTI DRUGS LTD,2023,FA-007,Adverse equity ratio,Financial Analytics Rules,financial_analytics,Medium,skipped,Unavailable metrics: ['Equity_Ratio'],{}
AARTI DRUGS LTD,2023,FA-008,Adverse interest coverage,Financial Analytics Rules,financial_analytics,Medium,skipped,Unavailable metrics: ['Interest_Coverage_Ratio'],{}
AARTI DRUGS LTD,2023,FA-009,Adverse borrowing dependency,Financial Analytics Rules,financial_analytics,Medium,skipped,Unavailable metrics: ['Borrowing_Dependency_Ratio'],{}
AARTI DRUGS LTD,2023,FA-010,Adverse working capital ratio,Financial Analytics Rules,financial_analytics,Medium,pass,Validation passed,"{'Working_Capital_Ratio': np.float64(0.0037), 'robust_z': None}"
AARTI DRUGS LTD,2023,FA-011,Adverse asset utilization,Financial Analytics Rules,financial_analytics,Medium,skipped,Unavailable metrics: ['Asset_Utilization_Ratio'],{}
AARTI DRUGS LTD,2023,FA-012,Adverse receivable ratio,Financial Analytics Rules,financial_analytics,Medium,pass,Validation passed,"{'Receivable_Ratio': np.float64(0.3184), 'robust_z': None}"
AARTI DRUGS LTD,2023,FA-013,Adverse inventory ratio,Financial Analytics Rules,financial_analytics,Medium,pass,Validation passed,"{'Inventory_Ratio': np.float64(0.1901), 'robust_z': None}"
AARTI DRUGS LTD,2023,FA-014,Adverse expense ratio,Financial Analytics Rules,financial_analytics,Medium,pass,Validation passed,"{'Expense_Ratio': np.float64(0.9196), 'robust_z': None}"
AARTI DRUGS LTD,2023,FA-015,Adverse depreciation ratio,Financial Analytics Rules,financial_analytics,Medium,pass,Validation passed,"{'Depreciation_Ratio': np.float64(0.0208), 'robust_z': None}"
AARTI DRUGS LTD,2023,FA-016,Adverse operating-cash-flow ratio,Financial Analytics Rules,financial_analytics,Medium,pass,Validation passed,{'Operating_CF_Ratio': np.float64(0.0491)}
AARTI DRUGS LTD,2023,FA-017,Adverse cash-to-debt ratio,Financial Analytics Rules,financial_analytics,Medium,skipped,Unavailable metrics: ['Cash_To_Debt_Ratio'],{}
AARTI DRUGS LTD,2023,FA-018,Adverse cash margin,Financial Analytics Rules,financial_analytics,Medium,pass,Validation passed,{'Cash_Margin': np.float64(0.8016)}
AARTI DRUGS LTD,2023,FA-019,Adverse revenue growth,Financial Analytics Rules,financial_analytics,High,pass,Validation passed,{'Revenue_Growth': np.float64(0.0914)}
AARTI DRUGS LTD,2023,FA-020,Adverse profit growth,Financial Analytics Rules,financial_analytics,High,fail,Validation triggered,{'Profit_Growth': np.float64(-0.1889)}
AARTI DRUGS LTD,2023,FA-021,Adverse borrowing growth,Financial Analytics Rules,financial_analytics,High,pass,Validation passed,{'Borrowing_Growth': np.float64(0.1218)}
AARTI DRUGS LTD,2023,FA-022,Adverse asset growth,Financial Analytics Rules,financial_analytics,High,pass,Validation passed,{'Asset_Growth': np.float64(0.0967)}
AARTI DRUGS LTD,2023,FA-023,Adverse reserve growth,Financial Analytics Rules,financial_analytics,High,pass,Validation passed,{'Reserve_Growth': np.float64(0.1654)}
AARTI DRUGS LTD,2023,FA-024,Adverse operating-cash-flow growth,Financial Analytics Rules,financial_analytics,High,pass,Validation passed,{'Operating_CF_Growth': np.float64(0.8935)}
AARTI DRUGS LTD,2023,FA-025,Adverse receivable growth,Financial Analytics Rules,financial_analytics,High,pass,Validation passed,{'Receivable_Growth': np.float64(0.1533)}
AARTI DRUGS LTD,2023,FA-026,Adverse inventory growth,Financial Analytics Rules,financial_analytics,High,fail,Validation triggered,{'Inventory_Growth': np.float64(-0.0183)}
AARTI DRUGS LTD,2023,FA-027,Adverse cash growth,Financial Analytics Rules,financial_analytics,High,fail,Validation triggered,{'Cash_Growth': np.float64(-0.5987)}
AARTI DRUGS LTD,2023,FA-028,Adverse three-year revenue CAGR,Financial Analytics Rules,financial_analytics,Medium,pass,Validation passed,"{'Revenue_CAGR_3Y': np.float64(0.1457), 'robust_z': None}"
AARTI DRUGS LTD,2023,FA-029,Adverse three-year profit CAGR,Financial Analytics Rules,financial_analytics,Medium,pass,Validation passed,"{'Profit_CAGR_3Y': np.float64(0.0556), 'robust_z': None}"
AARTI DRUGS LTD,2023,FA-030,Adverse revenue volatility,Financial Analytics Rules,financial_analytics,Medium,pass,Validation passed,"{'Revenue_Volatility': np.float64(282.3131), 'robust_z': None}"
AARTI DRUGS LTD,2023,FA-031,Adverse profit volatility,Financial Analytics Rules,financial_analytics,Medium,pass,Validation passed,"{'Profit_Volatility': np.float64(58.0222), 'robust_z': None}"
AARTI DRUGS LTD,2023,FA-032,Adverse operating-cash-flow volatility,Financial Analytics Rules,financial_analytics,Medium,pass,Validation passed,"{'Operating_CF_Volatility': np.float64(43.9176), 'robust_z': None}"
AARTI DRUGS LTD,2023,FA-033,Peer outlier: profit margin,Financial Analytics Rules,financial_analytics,Medium,pass,Validation passed,"{'Profit_Margin': np.float64(0.0612), 'robust_z': None}"
AARTI DRUGS LTD,2023,FA-034,Peer outlier: operating margin,Financial Analytics Rules,financial_analytics,Medium,pass,Validation passed,"{'Operating_Margin': np.float64(0.0813), 'robust_z': None}"
AARTI DRUGS LTD,2023,FA-035,Peer outlier: return on equity,Financial Analytics Rules,financial_analytics,Medium,pass,Validation passed,"{'ROE': np.float64(0.1395), 'robust_z': None}"
AARTI DRUGS LTD,2023,FA-036,Peer outlier: return on assets,Financial Analytics Rules,financial_analytics,Medium,pass,Validation passed,"{'ROA': np.float64(0.0687), 'robust_z': None}"
AARTI DRUGS LTD,2023,FA-037,Peer outlier: debt-to-equity ratio,Financial Analytics Rules,financial_analytics,Medium,skipped,Unavailable metrics: ['Debt_Equity_Ratio'],{}
AARTI DRUGS LTD,2023,FA-038,Peer outlier: debt ratio,Financial Analytics Rules,financial_analytics,Medium,skipped,Unavailable metrics: ['Debt_Ratio'],{}
AARTI DRUGS LTD,2023,FA-039,Peer outlier: equity ratio,Financial Analytics Rules,financial_analytics,Medium,skipped,Unavailable metrics: ['Equity_Ratio'],{}
AARTI DRUGS LTD,2023,FA-040,Peer outlier: interest coverage,Financial Analytics Rules,financial_analytics,Medium,skipped,Unavailable metrics: ['Interest_Coverage_Ratio'],{}
AARTI DRUGS LTD,2023,FA-041,Peer outlier: borrowing dependency,Financial Analytics Rules,financial_analytics,Medium,skipped,Unavailable metrics: ['Borrowing_Dependency_Ratio'],{}
AARTI DRUGS LTD,2023,FA-042,Peer outlier: working capital ratio,Financial Analytics Rules,financial_analytics,Medium,pass,Validation passed,"{'Working_Capital_Ratio': np.float64(0.0037), 'robust_z': None}"
AARTI DRUGS LTD,2023,FA-043,Peer outlier: asset utilization,Financial Analytics Rules,financial_analytics,Medium,skipped,Unavailable metrics: ['Asset_Utilization_Ratio'],{}
AARTI DRUGS LTD,2023,FA-044,Peer outlier: receivable ratio,Financial Analytics Rules,financial_analytics,Medium,pass,Validation passed,"{'Receivable_Ratio': np.float64(0.3184), 'robust_z': None}"
AARTI DRUGS LTD,2023,FA-045,Peer outlier: inventory ratio,Financial Analytics Rules,financial_analytics,Medium,pass,Validation passed,"{'Inventory_Ratio': np.float64(0.1901), 'robust_z': None}"
AARTI DRUGS LTD,2023,FA-046,Peer outlier: expense ratio,Financial Analytics Rules,financial_analytics,Medium,pass,Validation passed,"{'Expense_Ratio': np.float64(0.9196), 'robust_z': None}"
AARTI DRUGS LTD,2023,FA-047,Peer outlier: depreciation ratio,Financial Analytics Rules,financial_analytics,Medium,pass,Validation passed,"{'Depreciation_Ratio': np.float64(0.0208), 'robust_z': None}"
AARTI DRUGS LTD,2023,FA-048,Peer outlier: operating-cash-flow ratio,Financial Analytics Rules,financial_analytics,Medium,pass,Validation passed,"{'Operating_CF_Ratio': np.float64(0.0491), 'robust_z': None}"
AARTI DRUGS LTD,2023,FA-049,Peer outlier: cash-to-debt ratio,Financial Analytics Rules,financial_analytics,Medium,skipped,Unavailable metrics: ['Cash_To_Debt_Ratio'],{}
AARTI DRUGS LTD,2023,FA-050,Peer outlier: cash margin,Financial Analytics Rules,financial_analytics,Medium,pass,Validation passed,"{'Cash_Margin': np.float64(0.8016), 'robust_z': None}"
AARTI DRUGS LTD,2023,FA-051,Peer outlier: revenue growth,Financial Analytics Rules,financial_analytics,Medium,pass,Validation passed,"{'Revenue_Growth': np.float64(0.0914), 'robust_z': None}"
AARTI DRUGS LTD,2023,FA-052,Peer outlier: profit growth,Financial Analytics Rules,financial_analytics,Medium,pass,Validation passed,"{'Profit_Growth': np.float64(-0.1889), 'robust_z': None}"
AARTI DRUGS LTD,2023,FA-053,Peer outlier: borrowing growth,Financial Analytics Rules,financial_analytics,Medium,pass,Validation passed,"{'Borrowing_Growth': np.float64(0.1218), 'robust_z': None}"
AARTI DRUGS LTD,2023,FA-054,Peer outlier: asset growth,Financial Analytics Rules,financial_analytics,Medium,pass,Validation passed,"{'Asset_Growth': np.float64(0.0967), 'robust_z': None}"
AARTI DRUGS LTD,2023,FA-055,Peer outlier: reserve growth,Financial Analytics Rules,financial_analytics,Medium,pass,Validation passed,"{'Reserve_Growth': np.float64(0.1654), 'robust_z': None}"
AARTI DRUGS LTD,2023,FA-056,Peer outlier: operating-cash-flow growth,Financial Analytics Rules,financial_analytics,Medium,pass,Validation passed,"{'Operating_CF_Growth': np.float64(0.8935), 'robust_z': None}"
AARTI DRUGS LTD,2023,FA-057,Peer outlier: receivable growth,Financial Analytics Rules,financial_analytics,Medium,pass,Validation passed,"{'Receivable_Growth': np.float64(0.1533), 'robust_z': None}"
AARTI DRUGS LTD,2023,FA-058,Peer outlier: inventory growth,Financial Analytics Rules,financial_analytics,Medium,pass,Validation passed,"{'Inventory_Growth': np.float64(-0.0183), 'robust_z': None}"
AARTI DRUGS LTD,2023,FA-059,Peer outlier: cash growth,Financial Analytics Rules,financial_analytics,Medium,pass,Validation passed,"{'Cash_Growth': np.float64(-0.5987), 'robust_z': None}"
AARTI DRUGS LTD,2023,FA-060,Peer outlier: three-year revenue CAGR,Financial Analytics Rules,financial_analytics,Medium,pass,Validation passed,"{'Revenue_CAGR_3Y': np.float64(0.1457), 'robust_z': None}"
AARTI DRUGS LTD,2023,FA-061,Peer outlier: three-year profit CAGR,Financial Analytics Rules,financial_analytics,Medium,pass,Validation passed,"{'Profit_CAGR_3Y': np.float64(0.0556), 'robust_z': None}"
AARTI DRUGS LTD,2023,FA-062,Peer outlier: revenue volatility,Financial Analytics Rules,financial_analytics,Medium,pass,Validation passed,"{'Revenue_Volatility': np.float64(282.3131), 'robust_z': None}"
AARTI DRUGS LTD,2023,FA-063,Peer outlier: profit volatility,Financial Analytics Rules,financial_analytics,Medium,pass,Validation passed,"{'Profit_Volatility': np.float64(58.0222), 'robust_z': None}"
AARTI DRUGS LTD,2023,FA-064,Peer outlier: operating-cash-flow volatility,Financial Analytics Rules,financial_analytics,Medium,pass,Validation passed,"{'Operating_CF_Volatility': np.float64(43.9176), 'robust_z': None}"
AARTI DRUGS LTD,2023,FA-065,Unstable trend: profit margin,Financial Analytics Rules,financial_analytics,Medium,pass,Validation passed,"{'Profit_Margin': np.float64(0.0612), 'robust_z': None}"
AARTI DRUGS LTD,2023,FA-066,Unstable trend: operating margin,Financial Analytics Rules,financial_analytics,Medium,pass,Validation passed,"{'Operating_Margin': np.float64(0.0813), 'robust_z': None}"
AARTI DRUGS LTD,2023,FA-067,Unstable trend: return on equity,Financial Analytics Rules,financial_analytics,Medium,pass,Validation passed,"{'ROE': np.float64(0.1395), 'robust_z': None}"
AARTI DRUGS LTD,2023,FA-068,Unstable trend: return on assets,Financial Analytics Rules,financial_analytics,Medium,pass,Validation passed,"{'ROA': np.float64(0.0687), 'robust_z': None}"
AARTI DRUGS LTD,2023,FA-069,Unstable trend: debt-to-equity ratio,Financial Analytics Rules,financial_analytics,Medium,skipped,Unavailable metrics: ['Debt_Equity_Ratio'],{}
AARTI DRUGS LTD,2023,FA-070,Unstable trend: debt ratio,Financial Analytics Rules,financial_analytics,Medium,skipped,Unavailable metrics: ['Debt_Ratio'],{}
AARTI DRUGS LTD,2023,FA-071,Unstable trend: equity ratio,Financial Analytics Rules,financial_analytics,Medium,skipped,Unavailable metrics: ['Equity_Ratio'],{}
AARTI DRUGS LTD,2023,FA-072,Unstable trend: interest coverage,Financial Analytics Rules,financial_analytics,Medium,skipped,Unavailable metrics: ['Interest_Coverage_Ratio'],{}
AARTI DRUGS LTD,2023,FA-073,Unstable trend: borrowing dependency,Financial Analytics Rules,financial_analytics,Medium,skipped,Unavailable metrics: ['Borrowing_Dependency_Ratio'],{}
AARTI DRUGS LTD,2023,FA-074,Unstable trend: working capital ratio,Financial Analytics Rules,financial_analytics,Medium,pass,Validation passed,"{'Working_Capital_Ratio': np.float64(0.0037), 'robust_z': None}"
AARTI DRUGS LTD,2023,FA-075,Unstable trend: asset utilization,Financial Analytics Rules,financial_analytics,Medium,skipped,Unavailable metrics: ['Asset_Utilization_Ratio'],{}
AARTI DRUGS LTD,2023,FA-076,Unstable trend: receivable ratio,Financial Analytics Rules,financial_analytics,Medium,pass,Validation passed,"{'Receivable_Ratio': np.float64(0.3184), 'robust_z': None}"
AARTI DRUGS LTD,2023,FA-077,Unstable trend: inventory ratio,Financial Analytics Rules,financial_analytics,Medium,pass,Validation passed,"{'Inventory_Ratio': np.float64(0.1901), 'robust_z': None}"
AARTI DRUGS LTD,2023,FA-078,Unstable trend: expense ratio,Financial Analytics Rules,financial_analytics,Medium,pass,Validation passed,"{'Expense_Ratio': np.float64(0.9196), 'robust_z': None}"
AARTI DRUGS LTD,2023,FA-079,Unstable trend: depreciation ratio,Financial Analytics Rules,financial_analytics,Medium,pass,Validation passed,"{'Depreciation_Ratio': np.float64(0.0208), 'robust_z': None}"
AARTI DRUGS LTD,2023,FA-080,Unstable trend: operating-cash-flow ratio,Financial Analytics Rules,financial_analytics,Medium,pass,Validation passed,"{'Operating_CF_Ratio': np.float64(0.0491), 'robust_z': None}"
AARTI DRUGS LTD,2023,FA-081,Unstable trend: cash-to-debt ratio,Financial Analytics Rules,financial_analytics,Medium,skipped,Unavailable metrics: ['Cash_To_Debt_Ratio'],{}
AARTI DRUGS LTD,2023,FA-082,Unstable trend: cash margin,Financial Analytics Rules,financial_analytics,Medium,pass,Validation passed,"{'Cash_Margin': np.float64(0.8016), 'robust_z': None}"
AARTI DRUGS LTD,2023,FA-083,Unstable trend: revenue growth,Financial Analytics Rules,financial_analytics,Medium,pass,Validation passed,"{'Revenue_Growth': np.float64(0.0914), 'robust_z': None}"
AARTI DRUGS LTD,2023,FA-084,Unstable trend: profit growth,Financial Analytics Rules,financial_analytics,Medium,pass,Validation passed,"{'Profit_Growth': np.float64(-0.1889), 'robust_z': None}"
AARTI DRUGS LTD,2023,FA-085,Unstable trend: borrowing growth,Financial Analytics Rules,financial_analytics,Medium,pass,Validation passed,"{'Borrowing_Growth': np.float64(0.1218), 'robust_z': None}"
AARTI DRUGS LTD,2023,FA-086,Unstable trend: asset growth,Financial Analytics Rules,financial_analytics,Medium,pass,Validation passed,"{'Asset_Growth': np.float64(0.0967), 'robust_z': None}"
AARTI DRUGS LTD,2023,FA-087,Unstable trend: reserve growth,Financial Analytics Rules,financial_analytics,Medium,pass,Validation passed,"{'Reserve_Growth': np.float64(0.1654), 'robust_z': None}"
AARTI DRUGS LTD,2023,FA-088,Unstable trend: operating-cash-flow growth,Financial Analytics Rules,financial_analytics,Medium,pass,Validation passed,"{'Operating_CF_Growth': np.float64(0.8935), 'robust_z': None}"
AARTI DRUGS LTD,2023,FA-089,Unstable trend: receivable growth,Financial Analytics Rules,financial_analytics,Medium,pass,Validation passed,"{'Receivable_Growth': np.float64(0.1533), 'robust_z': None}"
AARTI DRUGS LTD,2023,FA-090,Unstable trend: inventory growth,Financial Analytics Rules,financial_analytics,Medium,pass,Validation passed,"{'Inventory_Growth': np.float64(-0.0183), 'robust_z': None}"
AARTI DRUGS LTD,2023,FA-091,Unstable trend: cash growth,Financial Analytics Rules,financial_analytics,Medium,pass,Validation passed,"{'Cash_Growth': np.float64(-0.5987), 'robust_z': None}"
AARTI DRUGS LTD,2023,FA-092,Unstable trend: three-year revenue CAGR,Financial Analytics Rules,financial_analytics,Medium,pass,Validation passed,"{'Revenue_CAGR_3Y': np.float64(0.1457), 'robust_z': None}"
AARTI DRUGS LTD,2023,FA-093,Unstable trend: three-year profit CAGR,Financial Analytics Rules,financial_analytics,Medium,pass,Validation passed,"{'Profit_CAGR_3Y': np.float64(0.0556), 'robust_z': None}"
AARTI DRUGS LTD,2023,FA-094,Unstable trend: revenue volatility,Financial Analytics Rules,financial_analytics,Medium,pass,Validation passed,"{'Revenue_Volatility': np.float64(282.3131), 'robust_z': None}"
AARTI DRUGS LTD,2023,FA-095,Unstable trend: profit volatility,Financial Analytics Rules,financial_analytics,Medium,pass,Validation passed,"{'Profit_Volatility': np.float64(58.0222), 'robust_z': None}"
AARTI DRUGS LTD,2023,FA-096,Unstable trend: operating-cash-flow volatility,Financial Analytics Rules,financial_analytics,Medium,pass,Validation passed,"{'Operating_CF_Volatility': np.float64(43.9176), 'robust_z': None}"
AARTI DRUGS LTD,2023,FA-097,Revenue growth with profit decline,Financial Analytics Rules,financial_analytics,High,fail,Validation triggered,"{'Revenue_Growth': np.float64(0.0914), 'Profit_Growth': np.float64(-0.1889)}"
AARTI DRUGS LTD,2023,FA-098,Revenue growth with operating cash-flow decline,Financial Analytics Rules,financial_analytics,High,pass,Validation passed,"{'Revenue_Growth': np.float64(0.0914), 'Operating_CF_Growth': np.float64(0.8935)}"
AARTI DRUGS LTD,2023,FA-099,Receivables growth exceeding revenue growth,Financial Analytics Rules,financial_analytics,High,pass,Validation passed,"{'Receivable_Growth': np.float64(0.1533), 'Revenue_Growth': np.float64(0.0914)}"
AARTI DRUGS LTD,2023,FA-100,Inventory growth with revenue decline,Financial Analytics Rules,financial_analytics,High,pass,Validation passed,"{'Inventory_Growth': np.float64(-0.0183), 'Revenue_Growth': np.float64(0.0914)}"
AARTI DRUGS LTD,2023,FA-101,Borrowing growth with cash decline,Financial Analytics Rules,financial_analytics,High,fail,Validation triggered,"{'Borrowing_Growth': np.float64(0.1218), 'Cash_Growth': np.float64(-0.5987)}"
AARTI DRUGS LTD,2023,FA-102,Borrowing growth with flat revenue,Financial Analytics Rules,financial_analytics,High,pass,Validation passed,"{'Borrowing_Growth': np.float64(0.1218), 'Revenue_Growth': np.float64(0.0914)}"
AARTI DRUGS LTD,2023,FA-103,Revenue growth with operating-margin decline,Financial Analytics Rules,financial_analytics,High,pass,Validation passed,"{'Revenue_Growth': np.float64(0.0914), 'Operating_Margin': np.float64(0.0813)}"
AARTI DRUGS LTD,2023,FA-104,Profit growth with cash decline,Financial Analytics Rules,financial_analytics,High,pass,Validation passed,"{'Profit_Growth': np.float64(-0.1889), 'Cash_Growth': np.float64(-0.5987)}"
AARTI DRUGS LTD,2023,FA-105,Debt growth with interest-coverage decline,Financial Analytics Rules,financial_analytics,High,skipped,Unavailable metrics: ['Interest_Coverage_Ratio'],{}
AARTI DRUGS LTD,2023,FA-106,Operating cash flow below net profit,Financial Analytics Rules,financial_analytics,High,fail,Validation triggered,"{'Cash from Operating Activity': np.float64(133.32), 'Net profit': np.float64(166.31)}"
AARTI DRUGS LTD,2023,FA-107,Cash decline amid positive operating cash flow,Financial Analytics Rules,financial_analytics,Medium,fail,Validation triggered,"{'Cash_Growth': np.float64(-0.5987), 'Cash from Operating Activity': np.float64(133.32)}"
AARTI DRUGS LTD,2023,FA-108,Cash-flow composition outlier,Financial Analytics Rules,financial_analytics,Medium,pass,Validation passed,"{'Cash from Operating Activity': np.float64(133.32), 'Cash from Investing Activity': np.float64(-163.97), 'Cash from Financing Activity': np.float64(16.54)}"
AARTI DRUGS LTD,2023,IS-002,Gross margin consistency,Handbook Rules,trend,Medium,skipped,Unavailable metrics: ['gross_margin'],{}
AARTI DRUGS LTD,2023,IS-007,Interest expense reasonableness,Handbook Rules,analytical,Medium,pass,Validation passed,"{'Interest': np.float64(37.14), 'Borrowings': np.float64(608.91)}"
AARTI DRUGS LTD,2023,IS-008,Effective tax rate reasonableness,Handbook Rules,analytical,Medium,skipped,Unavailable metrics: ['effective_tax_rate'],{}
AARTI DRUGS LTD,2023,IS-010,Unusual expense spike detection,Handbook Rules,trend,High,skipped,Unavailable metrics: ['Total Expenses'],{}
AARTI DRUGS LTD,2023,IS-011,Revenue versus operating cash flow correlation,Handbook Rules,cross_statement,High,pass,Validation passed,"{'Revenue_Growth': np.float64(0.0914), 'Operating_CF_Growth': np.float64(0.8935)}"
AARTI DRUGS LTD,2023,IS-013,Net income to reserve movement plausibility,Handbook Rules,cross_statement,Critical,fail,Validation triggered,"{'Net profit': np.float64(166.31), 'Dividend Amount': np.float64(9.26), 'Reserves': np.float64(1099.83)}"
AARTI DRUGS LTD,2023,IS-016,Depreciation expense consistency,Handbook Rules,trend,Medium,pass,Validation passed,"{'Depreciation_Ratio': np.float64(0.0208), 'robust_z': None}"
AARTI DRUGS LTD,2023,LED-001,Accounting equation,Handbook Rules,integrity,Critical,pass,Validation passed,"{'Total Assets': np.float64(2421.4), 'Total Liabilities': np.float64(2421.4), 'Equity Share Capital': np.float64(92.6), 'Reserves': np.float64(1099.83)}"
AARTI DRUGS LTD,2023,RAT-005,Debt-to-equity ratio,Handbook Rules,ratio,High,skipped,Unavailable metrics: ['Debt_Equity_Ratio'],{}
AARTI DRUGS LTD,2023,RAT-006,Debt-to-assets ratio,Handbook Rules,ratio,High,skipped,Unavailable metrics: ['Debt_Ratio'],{}
AARTI DRUGS LTD,2023,RAT-007,Equity ratio,Handbook Rules,ratio,High,skipped,Unavailable metrics: ['Equity_Ratio'],{}
AARTI DRUGS LTD,2023,RAT-008,Interest coverage ratio,Handbook Rules,ratio,High,skipped,Unavailable metrics: ['Interest_Coverage_Ratio'],{}
AARTI DRUGS LTD,2023,RAT-010,Gross profit margin trend,Handbook Rules,trend,Medium,skipped,Unavailable metrics: ['gross_margin'],{}
AARTI DRUGS LTD,2023,RAT-011,Net profit margin trend,Handbook Rules,trend,Medium,fail,Validation triggered,{'Profit_Margin': np.float64(0.0612)}
AARTI DRUGS LTD,2023,RAT-012,Operating margin trend,Handbook Rules,trend,Medium,pass,Validation passed,{'Operating_Margin': np.float64(0.0813)}
AARTI DRUGS LTD,2023,RAT-014,Return on assets outlier,Handbook Rules,ratio,Medium,pass,Validation passed,"{'ROA': np.float64(0.0687), 'robust_z': None}"
AARTI DRUGS LTD,2023,RAT-015,Return on equity outlier,Handbook Rules,ratio,Medium,pass,Validation passed,"{'ROE': np.float64(0.1395), 'robust_z': None}"
AARTI DRUGS LTD,2023,RAT-017,Asset turnover outlier,Handbook Rules,ratio,Medium,skipped,Unavailable metrics: ['Asset_Utilization_Ratio'],{}
AARTI DRUGS LTD,2023,RAT-018,Inventory turnover outlier,Handbook Rules,ratio,Medium,skipped,Unavailable metrics: ['inventory_turnover'],{}
AARTI DRUGS LTD,2023,RAT-019,Receivables turnover outlier,Handbook Rules,ratio,Medium,skipped,Unavailable metrics: ['receivables_turnover'],{}
AARTI DRUGS LTD,2023,RAT-020,Days sales outstanding trend,Handbook Rules,trend,Medium,skipped,Unavailable metrics: ['dso'],{}
AARTI DRUGS LTD,2023,RAT-022,Days inventory outstanding trend,Handbook Rules,trend,Medium,skipped,Unavailable metrics: ['dio'],{}
AARTI DRUGS LTD,2023,RAT-024,Revenue growth rate,Handbook Rules,trend,Medium,pass,Validation passed,{'Revenue_Growth': np.float64(0.0914)}
AARTI DRUGS LTD,2023,TR-001,Year-over-year revenue variance,Handbook Rules,trend,Medium,pass,Validation passed,"{'Revenue_Growth': np.float64(0.0914), 'robust_z': None}"
AARTI DRUGS LTD,2023,TR-002,Year-over-year expense variance,Handbook Rules,trend,Medium,skipped,Unavailable metrics: ['Total Expenses'],{}
AARTI DRUGS LTD,2023,TR-003,Multi-year trend consistency,Handbook Rules,trend,Medium,pass,Validation passed,"{'Revenue_Volatility': np.float64(282.3131), 'robust_z': None}"
AARTI DRUGS LTD,2023,TR-006,Common-size statement analysis,Handbook Rules,trend,Medium,pass,Validation passed,"{'Expense_Ratio': np.float64(0.9196), 'robust_z': None}"
AARTI DRUGS LTD,2023,TR-009,Margin trend stability,Handbook Rules,trend,Medium,pass,Validation passed,"{'Profit_Margin': np.float64(0.0612), 'Operating_Margin': np.float64(0.0813), 'robust_z': None}"
AARTI DRUGS LTD,2024,BS-001,Balance sheet equation,Handbook Rules,integrity,Critical,pass,Validation passed,"{'Total Assets': np.float64(2432.37), 'Total Liabilities': np.float64(2432.37), 'Equity Share Capital': np.float64(91.94), 'Reserves': np.float64(1189.61)}"
AARTI DRUGS LTD,2024,BS-009,Negative total equity,Handbook Rules,solvency,High,pass,Validation passed,"{'Equity Share Capital': np.float64(91.94), 'Reserves': np.float64(1189.61)}"
AARTI DRUGS LTD,2024,CF-002,Cash flow to cash-balance tie-out,Handbook Rules,integrity,Critical,fail,Validation triggered,"{'Cash & Bank': np.float64(9.43), 'Net Cash Flow': np.float64(-0.76)}"
AARTI DRUGS LTD,2024,CF-004,Financing activity plausibility,Handbook Rules,cross_statement,High,pass,Validation passed,"{'Borrowings': np.float64(564.28), 'Dividend Amount': np.float64(9.19), 'Cash from Financing Activity': np.float64(-136.03)}"
AARTI DRUGS LTD,2024,CF-006,Depreciation non-cash adjustment plausibility,Handbook Rules,cross_statement,High,pass,Validation passed,"{'Net profit': np.float64(171.42), 'Depreciation': np.float64(51.45), 'Cash from Operating Activity': np.float64(358.92)}"
AARTI DRUGS LTD,2024,CF-008,Sustained negative operating cash flow,Handbook Rules,trend,High,pass,Validation passed,{'Cash from Operating Activity': np.float64(358.92)}
AARTI DRUGS LTD,2024,CF-009,Cash flow versus net income divergence,Handbook Rules,cross_statement,High,pass,Validation passed,"{'Operating_CF_Ratio': np.float64(0.1419), 'robust_z': None}"
AARTI DRUGS LTD,2024,CF-010,Dividend versus reserves,Handbook Rules,solvency,High,pass,Validation passed,"{'Dividend Amount': np.float64(9.19), 'Reserves': np.float64(1189.61)}"
AARTI DRUGS LTD,2024,DV-004,Mandatory field completeness,Handbook Rules,data_completeness,Critical,pass,Validation passed,"{'Company': 'AARTI DRUGS LTD', 'Year': np.int64(2024)}"
AARTI DRUGS LTD,2024,DV-007,Numeric financial value validation,Handbook Rules,data_completeness,High,pass,Validation passed,{}
AARTI DRUGS LTD,2024,DV-008,Unexpected negative cash or inventory,Handbook Rules,data_quality,Medium,pass,Validation passed,"{'Cash & Bank': np.float64(9.43), 'Inventory': np.float64(485.89)}"
AARTI DRUGS LTD,2024,DV-012,Input schema validation,Handbook Rules,data_completeness,High,pass,Validation passed,{}
AARTI DRUGS LTD,2024,DV-015,Statistical outlier screening,Handbook Rules,analytical,Medium,pass,Validation passed,"{'Sales': np.float64(2528.58), 'robust_z': None}"
AARTI DRUGS LTD,2024,DV-018,Reporting date consistency,Handbook Rules,data_completeness,Medium,skipped,Unavailable metrics: ['Report Date'],{}
AARTI DRUGS LTD,2024,FA-001,Adverse profit margin,Financial Analytics Rules,financial_analytics,Medium,pass,Validation passed,{'Profit_Margin': np.float64(0.0678)}
AARTI DRUGS LTD,2024,FA-002,Adverse operating margin,Financial Analytics Rules,financial_analytics,Medium,pass,Validation passed,{'Operating_Margin': np.float64(0.1133)}
AARTI DRUGS LTD,2024,FA-003,Adverse return on equity,Financial Analytics Rules,financial_analytics,Medium,pass,Validation passed,{'ROE': np.float64(0.1338)}
AARTI DRUGS LTD,2024,FA-004,Adverse return on assets,Financial Analytics Rules,financial_analytics,Medium,pass,Validation passed,{'ROA': np.float64(0.0705)}
AARTI DRUGS LTD,2024,FA-005,Adverse debt-to-equity ratio,Financial Analytics Rules,financial_analytics,Medium,skipped,Unavailable metrics: ['Debt_Equity_Ratio'],{}
AARTI DRUGS LTD,2024,FA-006,Adverse debt ratio,Financial Analytics Rules,financial_analytics,Medium,skipped,Unavailable metrics: ['Debt_Ratio'],{}
AARTI DRUGS LTD,2024,FA-007,Adverse equity ratio,Financial Analytics Rules,financial_analytics,Medium,skipped,Unavailable metrics: ['Equity_Ratio'],{}
AARTI DRUGS LTD,2024,FA-008,Adverse interest coverage,Financial Analytics Rules,financial_analytics,Medium,skipped,Unavailable metrics: ['Interest_Coverage_Ratio'],{}
AARTI DRUGS LTD,2024,FA-009,Adverse borrowing dependency,Financial Analytics Rules,financial_analytics,Medium,skipped,Unavailable metrics: ['Borrowing_Dependency_Ratio'],{}
AARTI DRUGS LTD,2024,FA-010,Adverse working capital ratio,Financial Analytics Rules,financial_analytics,Medium,pass,Validation passed,"{'Working_Capital_Ratio': np.float64(0.0039), 'robust_z': None}"
AARTI DRUGS LTD,2024,FA-011,Adverse asset utilization,Financial Analytics Rules,financial_analytics,Medium,skipped,Unavailable metrics: ['Asset_Utilization_Ratio'],{}
AARTI DRUGS LTD,2024,FA-012,Adverse receivable ratio,Financial Analytics Rules,financial_analytics,Medium,pass,Validation passed,"{'Receivable_Ratio': np.float64(0.2786), 'robust_z': None}"
AARTI DRUGS LTD,2024,FA-013,Adverse inventory ratio,Financial Analytics Rules,financial_analytics,Medium,pass,Validation passed,"{'Inventory_Ratio': np.float64(0.1922), 'robust_z': None}"
AARTI DRUGS LTD,2024,FA-014,Adverse expense ratio,Financial Analytics Rules,financial_analytics,Medium,pass,Validation passed,"{'Expense_Ratio': np.float64(0.8882), 'robust_z': None}"
AARTI DRUGS LTD,2024,FA-015,Adverse depreciation ratio,Financial Analytics Rules,financial_analytics,Medium,pass,Validation passed,"{'Depreciation_Ratio': np.float64(0.0212), 'robust_z': None}"
AARTI DRUGS LTD,2024,FA-016,Adverse operating-cash-flow ratio,Financial Analytics Rules,financial_analytics,Medium,pass,Validation passed,{'Operating_CF_Ratio': np.float64(0.1419)}
AARTI DRUGS LTD,2024,FA-017,Adverse cash-to-debt ratio,Financial Analytics Rules,financial_analytics,Medium,skipped,Unavailable metrics: ['Cash_To_Debt_Ratio'],{}
AARTI DRUGS LTD,2024,FA-018,Adverse cash margin,Financial Analytics Rules,financial_analytics,Medium,pass,Validation passed,{'Cash_Margin': np.float64(2.0938)}
AARTI DRUGS LTD,2024,FA-019,Adverse revenue growth,Financial Analytics Rules,financial_analytics,High,fail,Validation triggered,{'Revenue_Growth': np.float64(-0.069)}
AARTI DRUGS LTD,2024,FA-020,Adverse profit growth,Financial Analytics Rules,financial_analytics,High,pass,Validation passed,{'Profit_Growth': np.float64(0.0307)}
AARTI DRUGS LTD,2024,FA-021,Adverse borrowing growth,Financial Analytics Rules,financial_analytics,High,fail,Validation triggered,{'Borrowing_Growth': np.float64(-0.0733)}
AARTI DRUGS LTD,2024,FA-022,Adverse asset growth,Financial Analytics Rules,financial_analytics,High,pass,Validation passed,{'Asset_Growth': np.float64(0.0045)}
AARTI DRUGS LTD,2024,FA-023,Adverse reserve growth,Financial Analytics Rules,financial_analytics,High,pass,Validation passed,{'Reserve_Growth': np.float64(0.0816)}
AARTI DRUGS LTD,2024,FA-024,Adverse operating-cash-flow growth,Financial Analytics Rules,financial_analytics,High,pass,Validation passed,{'Operating_CF_Growth': np.float64(1.6922)}
AARTI DRUGS LTD,2024,FA-025,Adverse receivable growth,Financial Analytics Rules,financial_analytics,High,fail,Validation triggered,{'Receivable_Growth': np.float64(-0.1853)}
AARTI DRUGS LTD,2024,FA-026,Adverse inventory growth,Financial Analytics Rules,financial_analytics,High,fail,Validation triggered,{'Inventory_Growth': np.float64(-0.0589)}
AARTI DRUGS LTD,2024,FA-027,Adverse cash growth,Financial Analytics Rules,financial_analytics,High,pass,Validation passed,{'Cash_Growth': np.float64(0.0525)}
AARTI DRUGS LTD,2024,FA-028,Adverse three-year revenue CAGR,Financial Analytics Rules,financial_analytics,Medium,pass,Validation passed,"{'Revenue_CAGR_3Y': np.float64(0.0548), 'robust_z': None}"
AARTI DRUGS LTD,2024,FA-029,Adverse three-year profit CAGR,Financial Analytics Rules,financial_analytics,Medium,pass,Validation passed,"{'Profit_CAGR_3Y': np.float64(-0.1513), 'robust_z': None}"
AARTI DRUGS LTD,2024,FA-030,Adverse revenue volatility,Financial Analytics Rules,financial_analytics,Medium,pass,Validation passed,"{'Revenue_Volatility': np.float64(121.4154), 'robust_z': None}"
AARTI DRUGS LTD,2024,FA-031,Adverse profit volatility,Financial Analytics Rules,financial_analytics,Medium,pass,Validation passed,"{'Profit_Volatility': np.float64(21.0413), 'robust_z': None}"
AARTI DRUGS LTD,2024,FA-032,Adverse operating-cash-flow volatility,Financial Analytics Rules,financial_analytics,Medium,pass,Validation passed,"{'Operating_CF_Volatility': np.float64(151.7075), 'robust_z': None}"
AARTI DRUGS LTD,2024,FA-033,Peer outlier: profit margin,Financial Analytics Rules,financial_analytics,Medium,pass,Validation passed,"{'Profit_Margin': np.float64(0.0678), 'robust_z': None}"
AARTI DRUGS LTD,2024,FA-034,Peer outlier: operating margin,Financial Analytics Rules,financial_analytics,Medium,pass,Validation passed,"{'Operating_Margin': np.float64(0.1133), 'robust_z': None}"
AARTI DRUGS LTD,2024,FA-035,Peer outlier: return on equity,Financial Analytics Rules,financial_analytics,Medium,pass,Validation passed,"{'ROE': np.float64(0.1338), 'robust_z': None}"
AARTI DRUGS LTD,2024,FA-036,Peer outlier: return on assets,Financial Analytics Rules,financial_analytics,Medium,pass,Validation passed,"{'ROA': np.float64(0.0705), 'robust_z': None}"
AARTI DRUGS LTD,2024,FA-037,Peer outlier: debt-to-equity ratio,Financial Analytics Rules,financial_analytics,Medium,skipped,Unavailable metrics: ['Debt_Equity_Ratio'],{}
AARTI DRUGS LTD,2024,FA-038,Peer outlier: debt ratio,Financial Analytics Rules,financial_analytics,Medium,skipped,Unavailable metrics: ['Debt_Ratio'],{}
AARTI DRUGS LTD,2024,FA-039,Peer outlier: equity ratio,Financial Analytics Rules,financial_analytics,Medium,skipped,Unavailable metrics: ['Equity_Ratio'],{}
AARTI DRUGS LTD,2024,FA-040,Peer outlier: interest coverage,Financial Analytics Rules,financial_analytics,Medium,skipped,Unavailable metrics: ['Interest_Coverage_Ratio'],{}
AARTI DRUGS LTD,2024,FA-041,Peer outlier: borrowing dependency,Financial Analytics Rules,financial_analytics,Medium,skipped,Unavailable metrics: ['Borrowing_Dependency_Ratio'],{}
AARTI DRUGS LTD,2024,FA-042,Peer outlier: working capital ratio,Financial Analytics Rules,financial_analytics,Medium,pass,Validation passed,"{'Working_Capital_Ratio': np.float64(0.0039), 'robust_z': None}"
AARTI DRUGS LTD,2024,FA-043,Peer outlier: asset utilization,Financial Analytics Rules,financial_analytics,Medium,skipped,Unavailable metrics: ['Asset_Utilization_Ratio'],{}
AARTI DRUGS LTD,2024,FA-044,Peer outlier: receivable ratio,Financial Analytics Rules,financial_analytics,Medium,pass,Validation passed,"{'Receivable_Ratio': np.float64(0.2786), 'robust_z': None}"
AARTI DRUGS LTD,2024,FA-045,Peer outlier: inventory ratio,Financial Analytics Rules,financial_analytics,Medium,pass,Validation passed,"{'Inventory_Ratio': np.float64(0.1922), 'robust_z': None}"
AARTI DRUGS LTD,2024,FA-046,Peer outlier: expense ratio,Financial Analytics Rules,financial_analytics,Medium,pass,Validation passed,"{'Expense_Ratio': np.float64(0.8882), 'robust_z': None}"
AARTI DRUGS LTD,2024,FA-047,Peer outlier: depreciation ratio,Financial Analytics Rules,financial_analytics,Medium,pass,Validation passed,"{'Depreciation_Ratio': np.float64(0.0212), 'robust_z': None}"
AARTI DRUGS LTD,2024,FA-048,Peer outlier: operating-cash-flow ratio,Financial Analytics Rules,financial_analytics,Medium,pass,Validation passed,"{'Operating_CF_Ratio': np.float64(0.1419), 'robust_z': None}"
AARTI DRUGS LTD,2024,FA-049,Peer outlier: cash-to-debt ratio,Financial Analytics Rules,financial_analytics,Medium,skipped,Unavailable metrics: ['Cash_To_Debt_Ratio'],{}
AARTI DRUGS LTD,2024,FA-050,Peer outlier: cash margin,Financial Analytics Rules,financial_analytics,Medium,pass,Validation passed,"{'Cash_Margin': np.float64(2.0938), 'robust_z': None}"
AARTI DRUGS LTD,2024,FA-051,Peer outlier: revenue growth,Financial Analytics Rules,financial_analytics,Medium,pass,Validation passed,"{'Revenue_Growth': np.float64(-0.069), 'robust_z': None}"
AARTI DRUGS LTD,2024,FA-052,Peer outlier: profit growth,Financial Analytics Rules,financial_analytics,Medium,pass,Validation passed,"{'Profit_Growth': np.float64(0.0307), 'robust_z': None}"
AARTI DRUGS LTD,2024,FA-053,Peer outlier: borrowing growth,Financial Analytics Rules,financial_analytics,Medium,pass,Validation passed,"{'Borrowing_Growth': np.float64(-0.0733), 'robust_z': None}"
AARTI DRUGS LTD,2024,FA-054,Peer outlier: asset growth,Financial Analytics Rules,financial_analytics,Medium,pass,Validation passed,"{'Asset_Growth': np.float64(0.0045), 'robust_z': None}"
AARTI DRUGS LTD,2024,FA-055,Peer outlier: reserve growth,Financial Analytics Rules,financial_analytics,Medium,pass,Validation passed,"{'Reserve_Growth': np.float64(0.0816), 'robust_z': None}"
AARTI DRUGS LTD,2024,FA-056,Peer outlier: operating-cash-flow growth,Financial Analytics Rules,financial_analytics,Medium,pass,Validation passed,"{'Operating_CF_Growth': np.float64(1.6922), 'robust_z': None}"
AARTI DRUGS LTD,2024,FA-057,Peer outlier: receivable growth,Financial Analytics Rules,financial_analytics,Medium,pass,Validation passed,"{'Receivable_Growth': np.float64(-0.1853), 'robust_z': None}"
AARTI DRUGS LTD,2024,FA-058,Peer outlier: inventory growth,Financial Analytics Rules,financial_analytics,Medium,pass,Validation passed,"{'Inventory_Growth': np.float64(-0.0589), 'robust_z': None}"
AARTI DRUGS LTD,2024,FA-059,Peer outlier: cash growth,Financial Analytics Rules,financial_analytics,Medium,pass,Validation passed,"{'Cash_Growth': np.float64(0.0525), 'robust_z': None}"
AARTI DRUGS LTD,2024,FA-060,Peer outlier: three-year revenue CAGR,Financial Analytics Rules,financial_analytics,Medium,pass,Validation passed,"{'Revenue_CAGR_3Y': np.float64(0.0548), 'robust_z': None}"
AARTI DRUGS LTD,2024,FA-061,Peer outlier: three-year profit CAGR,Financial Analytics Rules,financial_analytics,Medium,pass,Validation passed,"{'Profit_CAGR_3Y': np.float64(-0.1513), 'robust_z': None}"
AARTI DRUGS LTD,2024,FA-062,Peer outlier: revenue volatility,Financial Analytics Rules,financial_analytics,Medium,pass,Validation passed,"{'Revenue_Volatility': np.float64(121.4154), 'robust_z': None}"
AARTI DRUGS LTD,2024,FA-063,Peer outlier: profit volatility,Financial Analytics Rules,financial_analytics,Medium,pass,Validation passed,"{'Profit_Volatility': np.float64(21.0413), 'robust_z': None}"
AARTI DRUGS LTD,2024,FA-064,Peer outlier: operating-cash-flow volatility,Financial Analytics Rules,financial_analytics,Medium,pass,Validation passed,"{'Operating_CF_Volatility': np.float64(151.7075), 'robust_z': None}"
AARTI DRUGS LTD,2024,FA-065,Unstable trend: profit margin,Financial Analytics Rules,financial_analytics,Medium,pass,Validation passed,"{'Profit_Margin': np.float64(0.0678), 'robust_z': None}"
AARTI DRUGS LTD,2024,FA-066,Unstable trend: operating margin,Financial Analytics Rules,financial_analytics,Medium,pass,Validation passed,"{'Operating_Margin': np.float64(0.1133), 'robust_z': None}"
AARTI DRUGS LTD,2024,FA-067,Unstable trend: return on equity,Financial Analytics Rules,financial_analytics,Medium,pass,Validation passed,"{'ROE': np.float64(0.1338), 'robust_z': None}"
AARTI DRUGS LTD,2024,FA-068,Unstable trend: return on assets,Financial Analytics Rules,financial_analytics,Medium,pass,Validation passed,"{'ROA': np.float64(0.0705), 'robust_z': None}"
AARTI DRUGS LTD,2024,FA-069,Unstable trend: debt-to-equity ratio,Financial Analytics Rules,financial_analytics,Medium,skipped,Unavailable metrics: ['Debt_Equity_Ratio'],{}
AARTI DRUGS LTD,2024,FA-070,Unstable trend: debt ratio,Financial Analytics Rules,financial_analytics,Medium,skipped,Unavailable metrics: ['Debt_Ratio'],{}
AARTI DRUGS LTD,2024,FA-071,Unstable trend: equity ratio,Financial Analytics Rules,financial_analytics,Medium,skipped,Unavailable metrics: ['Equity_Ratio'],{}
AARTI DRUGS LTD,2024,FA-072,Unstable trend: interest coverage,Financial Analytics Rules,financial_analytics,Medium,skipped,Unavailable metrics: ['Interest_Coverage_Ratio'],{}
AARTI DRUGS LTD,2024,FA-073,Unstable trend: borrowing dependency,Financial Analytics Rules,financial_analytics,Medium,skipped,Unavailable metrics: ['Borrowing_Dependency_Ratio'],{}
AARTI DRUGS LTD,2024,FA-074,Unstable trend: working capital ratio,Financial Analytics Rules,financial_analytics,Medium,pass,Validation passed,"{'Working_Capital_Ratio': np.float64(0.0039), 'robust_z': None}"
AARTI DRUGS LTD,2024,FA-075,Unstable trend: asset utilization,Financial Analytics Rules,financial_analytics,Medium,skipped,Unavailable metrics: ['Asset_Utilization_Ratio'],{}
AARTI DRUGS LTD,2024,FA-076,Unstable trend: receivable ratio,Financial Analytics Rules,financial_analytics,Medium,pass,Validation passed,"{'Receivable_Ratio': np.float64(0.2786), 'robust_z': None}"
AARTI DRUGS LTD,2024,FA-077,Unstable trend: inventory ratio,Financial Analytics Rules,financial_analytics,Medium,pass,Validation passed,"{'Inventory_Ratio': np.float64(0.1922), 'robust_z': None}"
AARTI DRUGS LTD,2024,FA-078,Unstable trend: expense ratio,Financial Analytics Rules,financial_analytics,Medium,pass,Validation passed,"{'Expense_Ratio': np.float64(0.8882), 'robust_z': None}"
AARTI DRUGS LTD,2024,FA-079,Unstable trend: depreciation ratio,Financial Analytics Rules,financial_analytics,Medium,pass,Validation passed,"{'Depreciation_Ratio': np.float64(0.0212), 'robust_z': None}"
AARTI DRUGS LTD,2024,FA-080,Unstable trend: operating-cash-flow ratio,Financial Analytics Rules,financial_analytics,Medium,pass,Validation passed,"{'Operating_CF_Ratio': np.float64(0.1419), 'robust_z': None}"
AARTI DRUGS LTD,2024,FA-081,Unstable trend: cash-to-debt ratio,Financial Analytics Rules,financial_analytics,Medium,skipped,Unavailable metrics: ['Cash_To_Debt_Ratio'],{}
AARTI DRUGS LTD,2024,FA-082,Unstable trend: cash margin,Financial Analytics Rules,financial_analytics,Medium,pass,Validation passed,"{'Cash_Margin': np.float64(2.0938), 'robust_z': None}"
AARTI DRUGS LTD,2024,FA-083,Unstable trend: revenue growth,Financial Analytics Rules,financial_analytics,Medium,pass,Validation passed,"{'Revenue_Growth': np.float64(-0.069), 'robust_z': None}"
AARTI DRUGS LTD,2024,FA-084,Unstable trend: profit growth,Financial Analytics Rules,financial_analytics,Medium,pass,Validation passed,"{'Profit_Growth': np.float64(0.0307), 'robust_z': None}"
AARTI DRUGS LTD,2024,FA-085,Unstable trend: borrowing growth,Financial Analytics Rules,financial_analytics,Medium,pass,Validation passed,"{'Borrowing_Growth': np.float64(-0.0733), 'robust_z': None}"
AARTI DRUGS LTD,2024,FA-086,Unstable trend: asset growth,Financial Analytics Rules,financial_analytics,Medium,pass,Validation passed,"{'Asset_Growth': np.float64(0.0045), 'robust_z': None}"
AARTI DRUGS LTD,2024,FA-087,Unstable trend: reserve growth,Financial Analytics Rules,financial_analytics,Medium,pass,Validation passed,"{'Reserve_Growth': np.float64(0.0816), 'robust_z': None}"
AARTI DRUGS LTD,2024,FA-088,Unstable trend: operating-cash-flow growth,Financial Analytics Rules,financial_analytics,Medium,pass,Validation passed,"{'Operating_CF_Growth': np.float64(1.6922), 'robust_z': None}"
AARTI DRUGS LTD,2024,FA-089,Unstable trend: receivable growth,Financial Analytics Rules,financial_analytics,Medium,pass,Validation passed,"{'Receivable_Growth': np.float64(-0.1853), 'robust_z': None}"
AARTI DRUGS LTD,2024,FA-090,Unstable trend: inventory growth,Financial Analytics Rules,financial_analytics,Medium,pass,Validation passed,"{'Inventory_Growth': np.float64(-0.0589), 'robust_z': None}"
AARTI DRUGS LTD,2024,FA-091,Unstable trend: cash growth,Financial Analytics Rules,financial_analytics,Medium,pass,Validation passed,"{'Cash_Growth': np.float64(0.0525), 'robust_z': None}"
AARTI DRUGS LTD,2024,FA-092,Unstable trend: three-year revenue CAGR,Financial Analytics Rules,financial_analytics,Medium,pass,Validation passed,"{'Revenue_CAGR_3Y': np.float64(0.0548), 'robust_z': None}"
AARTI DRUGS LTD,2024,FA-093,Unstable trend: three-year profit CAGR,Financial Analytics Rules,financial_analytics,Medium,pass,Validation passed,"{'Profit_CAGR_3Y': np.float64(-0.1513), 'robust_z': None}"
AARTI DRUGS LTD,2024,FA-094,Unstable trend: revenue volatility,Financial Analytics Rules,financial_analytics,Medium,pass,Validation passed,"{'Revenue_Volatility': np.float64(121.4154), 'robust_z': None}"
AARTI DRUGS LTD,2024,FA-095,Unstable trend: profit volatility,Financial Analytics Rules,financial_analytics,Medium,pass,Validation passed,"{'Profit_Volatility': np.float64(21.0413), 'robust_z': None}"
AARTI DRUGS LTD,2024,FA-096,Unstable trend: operating-cash-flow volatility,Financial Analytics Rules,financial_analytics,Medium,pass,Validation passed,"{'Operating_CF_Volatility': np.float64(151.7075), 'robust_z': None}"
AARTI DRUGS LTD,2024,FA-097,Revenue growth with profit decline,Financial Analytics Rules,financial_analytics,High,pass,Validation passed,"{'Revenue_Growth': np.float64(-0.069), 'Profit_Growth': np.float64(0.0307)}"
AARTI DRUGS LTD,2024,FA-098,Revenue growth with operating cash-flow decline,Financial Analytics Rules,financial_analytics,High,pass,Validation passed,"{'Revenue_Growth': np.float64(-0.069), 'Operating_CF_Growth': np.float64(1.6922)}"
AARTI DRUGS LTD,2024,FA-099,Receivables growth exceeding revenue growth,Financial Analytics Rules,financial_analytics,High,pass,Validation passed,"{'Receivable_Growth': np.float64(-0.1853), 'Revenue_Growth': np.float64(-0.069)}"
AARTI DRUGS LTD,2024,FA-100,Inventory growth with revenue decline,Financial Analytics Rules,financial_analytics,High,pass,Validation passed,"{'Inventory_Growth': np.float64(-0.0589), 'Revenue_Growth': np.float64(-0.069)}"
AARTI DRUGS LTD,2024,FA-101,Borrowing growth with cash decline,Financial Analytics Rules,financial_analytics,High,pass,Validation passed,"{'Borrowing_Growth': np.float64(-0.0733), 'Cash_Growth': np.float64(0.0525)}"
AARTI DRUGS LTD,2024,FA-102,Borrowing growth with flat revenue,Financial Analytics Rules,financial_analytics,High,pass,Validation passed,"{'Borrowing_Growth': np.float64(-0.0733), 'Revenue_Growth': np.float64(-0.069)}"
AARTI DRUGS LTD,2024,FA-103,Revenue growth with operating-margin decline,Financial Analytics Rules,financial_analytics,High,pass,Validation passed,"{'Revenue_Growth': np.float64(-0.069), 'Operating_Margin': np.float64(0.1133)}"
AARTI DRUGS LTD,2024,FA-104,Profit growth with cash decline,Financial Analytics Rules,financial_analytics,High,pass,Validation passed,"{'Profit_Growth': np.float64(0.0307), 'Cash_Growth': np.float64(0.0525)}"
AARTI DRUGS LTD,2024,FA-105,Debt growth with interest-coverage decline,Financial Analytics Rules,financial_analytics,High,skipped,Unavailable metrics: ['Interest_Coverage_Ratio'],{}
AARTI DRUGS LTD,2024,FA-106,Operating cash flow below net profit,Financial Analytics Rules,financial_analytics,High,pass,Validation passed,"{'Cash from Operating Activity': np.float64(358.92), 'Net profit': np.float64(171.42)}"
AARTI DRUGS LTD,2024,FA-107,Cash decline amid positive operating cash flow,Financial Analytics Rules,financial_analytics,Medium,pass,Validation passed,"{'Cash_Growth': np.float64(0.0525), 'Cash from Operating Activity': np.float64(358.92)}"
AARTI DRUGS LTD,2024,FA-108,Cash-flow composition outlier,Financial Analytics Rules,financial_analytics,Medium,pass,Validation passed,"{'Cash from Operating Activity': np.float64(358.92), 'Cash from Investing Activity': np.float64(-223.65), 'Cash from Financing Activity': np.float64(-136.03)}"
AARTI DRUGS LTD,2024,IS-002,Gross margin consistency,Handbook Rules,trend,Medium,skipped,Unavailable metrics: ['gross_margin'],{}
AARTI DRUGS LTD,2024,IS-007,Interest expense reasonableness,Handbook Rules,analytical,Medium,pass,Validation passed,"{'Interest': np.float64(37.89), 'Borrowings': np.float64(564.28)}"
AARTI DRUGS LTD,2024,IS-008,Effective tax rate reasonableness,Handbook Rules,analytical,Medium,skipped,Unavailable metrics: ['effective_tax_rate'],{}
AARTI DRUGS LTD,2024,IS-010,Unusual expense spike detection,Handbook Rules,trend,High,skipped,Unavailable metrics: ['Total Expenses'],{}
AARTI DRUGS LTD,2024,IS-011,Revenue versus operating cash flow correlation,Handbook Rules,cross_statement,High,pass,Validation passed,"{'Revenue_Growth': np.float64(-0.069), 'Operating_CF_Growth': np.float64(1.6922)}"
AARTI DRUGS LTD,2024,IS-013,Net income to reserve movement plausibility,Handbook Rules,cross_statement,Critical,fail,Validation triggered,"{'Net profit': np.float64(171.42), 'Dividend Amount': np.float64(9.19), 'Reserves': np.float64(1189.61)}"
AARTI DRUGS LTD,2024,IS-016,Depreciation expense consistency,Handbook Rules,trend,Medium,pass,Validation passed,"{'Depreciation_Ratio': np.float64(0.0212), 'robust_z': None}"
AARTI DRUGS LTD,2024,LED-001,Accounting equation,Handbook Rules,integrity,Critical,pass,Validation passed,"{'Total Assets': np.float64(2432.37), 'Total Liabilities': np.float64(2432.37), 'Equity Share Capital': np.float64(91.94), 'Reserves': np.float64(1189.61)}"
AARTI DRUGS LTD,2024,RAT-005,Debt-to-equity ratio,Handbook Rules,ratio,High,skipped,Unavailable metrics: ['Debt_Equity_Ratio'],{}
AARTI DRUGS LTD,2024,RAT-006,Debt-to-assets ratio,Handbook Rules,ratio,High,skipped,Unavailable metrics: ['Debt_Ratio'],{}
AARTI DRUGS LTD,2024,RAT-007,Equity ratio,Handbook Rules,ratio,High,skipped,Unavailable metrics: ['Equity_Ratio'],{}
AARTI DRUGS LTD,2024,RAT-008,Interest coverage ratio,Handbook Rules,ratio,High,skipped,Unavailable metrics: ['Interest_Coverage_Ratio'],{}
AARTI DRUGS LTD,2024,RAT-010,Gross profit margin trend,Handbook Rules,trend,Medium,skipped,Unavailable metrics: ['gross_margin'],{}
AARTI DRUGS LTD,2024,RAT-011,Net profit margin trend,Handbook Rules,trend,Medium,pass,Validation passed,{'Profit_Margin': np.float64(0.0678)}
AARTI DRUGS LTD,2024,RAT-012,Operating margin trend,Handbook Rules,trend,Medium,pass,Validation passed,{'Operating_Margin': np.float64(0.1133)}
AARTI DRUGS LTD,2024,RAT-014,Return on assets outlier,Handbook Rules,ratio,Medium,pass,Validation passed,"{'ROA': np.float64(0.0705), 'robust_z': None}"
AARTI DRUGS LTD,2024,RAT-015,Return on equity outlier,Handbook Rules,ratio,Medium,pass,Validation passed,"{'ROE': np.float64(0.1338), 'robust_z': None}"
AARTI DRUGS LTD,2024,RAT-017,Asset turnover outlier,Handbook Rules,ratio,Medium,skipped,Unavailable metrics: ['Asset_Utilization_Ratio'],{}
AARTI DRUGS LTD,2024,RAT-018,Inventory turnover outlier,Handbook Rules,ratio,Medium,skipped,Unavailable metrics: ['inventory_turnover'],{}
AARTI DRUGS LTD,2024,RAT-019,Receivables turnover outlier,Handbook Rules,ratio,Medium,skipped,Unavailable metrics: ['receivables_turnover'],{}
AARTI DRUGS LTD,2024,RAT-020,Days sales outstanding trend,Handbook Rules,trend,Medium,skipped,Unavailable metrics: ['dso'],{}
AARTI DRUGS LTD,2024,RAT-022,Days inventory outstanding trend,Handbook Rules,trend,Medium,skipped,Unavailable metrics: ['dio'],{}
AARTI DRUGS LTD,2024,RAT-024,Revenue growth rate,Handbook Rules,trend,Medium,fail,Validation triggered,{'Revenue_Growth': np.float64(-0.069)}
AARTI DRUGS LTD,2024,TR-001,Year-over-year revenue variance,Handbook Rules,trend,Medium,pass,Validation passed,"{'Revenue_Growth': np.float64(-0.069), 'robust_z': None}"
AARTI DRUGS LTD,2024,TR-002,Year-over-year expense variance,Handbook Rules,trend,Medium,skipped,Unavailable metrics: ['Total Expenses'],{}
AARTI DRUGS LTD,2024,TR-003,Multi-year trend consistency,Handbook Rules,trend,Medium,pass,Validation passed,"{'Revenue_Volatility': np.float64(121.4154), 'robust_z': None}"
AARTI DRUGS LTD,2024,TR-006,Common-size statement analysis,Handbook Rules,trend,Medium,pass,Validation passed,"{'Expense_Ratio': np.float64(0.8882), 'robust_z': None}"
AARTI DRUGS LTD,2024,TR-009,Margin trend stability,Handbook Rules,trend,Medium,pass,Validation passed,"{'Profit_Margin': np.float64(0.0678), 'Operating_Margin': np.float64(0.1133), 'robust_z': None}"
AARTI DRUGS LTD,2025,BS-001,Balance sheet equation,Handbook Rules,integrity,Critical,pass,Validation passed,"{'Total Assets': np.float64(2574.68), 'Total Liabilities': np.float64(2574.68), 'Equity Share Capital': np.float64(91.27), 'Reserves': np.float64(1277.73)}"
AARTI DRUGS LTD,2025,BS-009,Negative total equity,Handbook Rules,solvency,High,pass,Validation passed,"{'Equity Share Capital': np.float64(91.27), 'Reserves': np.float64(1277.73)}"
AARTI DRUGS LTD,2025,CF-002,Cash flow to cash-balance tie-out,Handbook Rules,integrity,Critical,fail,Validation triggered,"{'Cash & Bank': np.float64(7.56), 'Net Cash Flow': np.float64(-2.17)}"
AARTI DRUGS LTD,2025,CF-004,Financing activity plausibility,Handbook Rules,cross_statement,High,pass,Validation passed,"{'Borrowings': np.float64(615.08), 'Dividend Amount': np.float64(9.13), 'Cash from Financing Activity': np.float64(-82.12)}"
AARTI DRUGS LTD,2025,CF-006,Depreciation non-cash adjustment plausibility,Handbook Rules,cross_statement,High,pass,Validation passed,"{'Net profit': np.float64(168.16), 'Depreciation': np.float64(55.78), 'Cash from Operating Activity': np.float64(244.58)}"
AARTI DRUGS LTD,2025,CF-008,Sustained negative operating cash flow,Handbook Rules,trend,High,pass,Validation passed,{'Cash from Operating Activity': np.float64(244.58)}
AARTI DRUGS LTD,2025,CF-009,Cash flow versus net income divergence,Handbook Rules,cross_statement,High,pass,Validation passed,"{'Operating_CF_Ratio': np.float64(0.1025), 'robust_z': None}"
AARTI DRUGS LTD,2025,CF-010,Dividend versus reserves,Handbook Rules,solvency,High,pass,Validation passed,"{'Dividend Amount': np.float64(9.13), 'Reserves': np.float64(1277.73)}"
AARTI DRUGS LTD,2025,DV-004,Mandatory field completeness,Handbook Rules,data_completeness,Critical,pass,Validation passed,"{'Company': 'AARTI DRUGS LTD', 'Year': np.int64(2025)}"
AARTI DRUGS LTD,2025,DV-007,Numeric financial value validation,Handbook Rules,data_completeness,High,pass,Validation passed,{}
AARTI DRUGS LTD,2025,DV-008,Unexpected negative cash or inventory,Handbook Rules,data_quality,Medium,pass,Validation passed,"{'Cash & Bank': np.float64(7.56), 'Inventory': np.float64(472.93)}"
AARTI DRUGS LTD,2025,DV-012,Input schema validation,Handbook Rules,data_completeness,High,pass,Validation passed,{}
AARTI DRUGS LTD,2025,DV-015,Statistical outlier screening,Handbook Rules,analytical,Medium,pass,Validation passed,"{'Sales': np.float64(2387.03), 'robust_z': None}"
AARTI DRUGS LTD,2025,DV-018,Reporting date consistency,Handbook Rules,data_completeness,Medium,skipped,Unavailable metrics: ['Report Date'],{}
AARTI DRUGS LTD,2025,FA-001,Adverse profit margin,Financial Analytics Rules,financial_analytics,Medium,pass,Validation passed,{'Profit_Margin': np.float64(0.0704)}
AARTI DRUGS LTD,2025,FA-002,Adverse operating margin,Financial Analytics Rules,financial_analytics,Medium,pass,Validation passed,{'Operating_Margin': np.float64(0.105)}
AARTI DRUGS LTD,2025,FA-003,Adverse return on equity,Financial Analytics Rules,financial_analytics,Medium,pass,Validation passed,{'ROE': np.float64(0.1228)}
AARTI DRUGS LTD,2025,FA-004,Adverse return on assets,Financial Analytics Rules,financial_analytics,Medium,pass,Validation passed,{'ROA': np.float64(0.0653)}
AARTI DRUGS LTD,2025,FA-005,Adverse debt-to-equity ratio,Financial Analytics Rules,financial_analytics,Medium,skipped,Unavailable metrics: ['Debt_Equity_Ratio'],{}
AARTI DRUGS LTD,2025,FA-006,Adverse debt ratio,Financial Analytics Rules,financial_analytics,Medium,skipped,Unavailable metrics: ['Debt_Ratio'],{}
AARTI DRUGS LTD,2025,FA-007,Adverse equity ratio,Financial Analytics Rules,financial_analytics,Medium,skipped,Unavailable metrics: ['Equity_Ratio'],{}
AARTI DRUGS LTD,2025,FA-008,Adverse interest coverage,Financial Analytics Rules,financial_analytics,Medium,skipped,Unavailable metrics: ['Interest_Coverage_Ratio'],{}
AARTI DRUGS LTD,2025,FA-009,Adverse borrowing dependency,Financial Analytics Rules,financial_analytics,Medium,skipped,Unavailable metrics: ['Borrowing_Dependency_Ratio'],{}
AARTI DRUGS LTD,2025,FA-010,Adverse working capital ratio,Financial Analytics Rules,financial_analytics,Medium,pass,Validation passed,"{'Working_Capital_Ratio': np.float64(0.0029), 'robust_z': None}"
AARTI DRUGS LTD,2025,FA-011,Adverse asset utilization,Financial Analytics Rules,financial_analytics,Medium,skipped,Unavailable metrics: ['Asset_Utilization_Ratio'],{}
AARTI DRUGS LTD,2025,FA-012,Adverse receivable ratio,Financial Analytics Rules,financial_analytics,Medium,pass,Validation passed,"{'Receivable_Ratio': np.float64(0.3147), 'robust_z': None}"
AARTI DRUGS LTD,2025,FA-013,Adverse inventory ratio,Financial Analytics Rules,financial_analytics,Medium,pass,Validation passed,"{'Inventory_Ratio': np.float64(0.1981), 'robust_z': None}"
AARTI DRUGS LTD,2025,FA-014,Adverse expense ratio,Financial Analytics Rules,financial_analytics,Medium,pass,Validation passed,"{'Expense_Ratio': np.float64(0.9018), 'robust_z': None}"
AARTI DRUGS LTD,2025,FA-015,Adverse depreciation ratio,Financial Analytics Rules,financial_analytics,Medium,pass,Validation passed,"{'Depreciation_Ratio': np.float64(0.0217), 'robust_z': None}"
AARTI DRUGS LTD,2025,FA-016,Adverse operating-cash-flow ratio,Financial Analytics Rules,financial_analytics,Medium,pass,Validation passed,{'Operating_CF_Ratio': np.float64(0.1025)}
AARTI DRUGS LTD,2025,FA-017,Adverse cash-to-debt ratio,Financial Analytics Rules,financial_analytics,Medium,skipped,Unavailable metrics: ['Cash_To_Debt_Ratio'],{}
AARTI DRUGS LTD,2025,FA-018,Adverse cash margin,Financial Analytics Rules,financial_analytics,Medium,pass,Validation passed,{'Cash_Margin': np.float64(1.4544)}
AARTI DRUGS LTD,2025,FA-019,Adverse revenue growth,Financial Analytics Rules,financial_analytics,High,fail,Validation triggered,{'Revenue_Growth': np.float64(-0.056)}
AARTI DRUGS LTD,2025,FA-020,Adverse profit growth,Financial Analytics Rules,financial_analytics,High,fail,Validation triggered,{'Profit_Growth': np.float64(-0.019)}
AARTI DRUGS LTD,2025,FA-021,Adverse borrowing growth,Financial Analytics Rules,financial_analytics,High,pass,Validation passed,{'Borrowing_Growth': np.float64(0.09)}
AARTI DRUGS LTD,2025,FA-022,Adverse asset growth,Financial Analytics Rules,financial_analytics,High,pass,Validation passed,{'Asset_Growth': np.float64(0.0585)}
AARTI DRUGS LTD,2025,FA-023,Adverse reserve growth,Financial Analytics Rules,financial_analytics,High,pass,Validation passed,{'Reserve_Growth': np.float64(0.0741)}
AARTI DRUGS LTD,2025,FA-024,Adverse operating-cash-flow growth,Financial Analytics Rules,financial_analytics,High,fail,Validation triggered,{'Operating_CF_Growth': np.float64(-0.3186)}
AARTI DRUGS LTD,2025,FA-025,Adverse receivable growth,Financial Analytics Rules,financial_analytics,High,pass,Validation passed,{'Receivable_Growth': np.float64(0.0662)}
AARTI DRUGS LTD,2025,FA-026,Adverse inventory growth,Financial Analytics Rules,financial_analytics,High,fail,Validation triggered,{'Inventory_Growth': np.float64(-0.0267)}
AARTI DRUGS LTD,2025,FA-027,Adverse cash growth,Financial Analytics Rules,financial_analytics,High,fail,Validation triggered,{'Cash_Growth': np.float64(-0.1983)}
AARTI DRUGS LTD,2025,FA-028,Adverse three-year revenue CAGR,Financial Analytics Rules,financial_analytics,Medium,pass,Validation passed,"{'Revenue_CAGR_3Y': np.float64(-0.0138), 'robust_z': None}"
AARTI DRUGS LTD,2025,FA-029,Adverse three-year profit CAGR,Financial Analytics Rules,financial_analytics,Medium,pass,Validation passed,"{'Profit_CAGR_3Y': np.float64(-0.064), 'robust_z': None}"
AARTI DRUGS LTD,2025,FA-030,Adverse revenue volatility,Financial Analytics Rules,financial_analytics,Medium,pass,Validation passed,"{'Revenue_Volatility': np.float64(165.0432), 'robust_z': None}"
AARTI DRUGS LTD,2025,FA-031,Adverse profit volatility,Financial Analytics Rules,financial_analytics,Medium,pass,Validation passed,"{'Profit_Volatility': np.float64(2.5872), 'robust_z': None}"
AARTI DRUGS LTD,2025,FA-032,Adverse operating-cash-flow volatility,Financial Analytics Rules,financial_analytics,Medium,pass,Validation passed,"{'Operating_CF_Volatility': np.float64(112.8035), 'robust_z': None}"
AARTI DRUGS LTD,2025,FA-033,Peer outlier: profit margin,Financial Analytics Rules,financial_analytics,Medium,pass,Validation passed,"{'Profit_Margin': np.float64(0.0704), 'robust_z': None}"
AARTI DRUGS LTD,2025,FA-034,Peer outlier: operating margin,Financial Analytics Rules,financial_analytics,Medium,pass,Validation passed,"{'Operating_Margin': np.float64(0.105), 'robust_z': None}"
AARTI DRUGS LTD,2025,FA-035,Peer outlier: return on equity,Financial Analytics Rules,financial_analytics,Medium,pass,Validation passed,"{'ROE': np.float64(0.1228), 'robust_z': None}"
AARTI DRUGS LTD,2025,FA-036,Peer outlier: return on assets,Financial Analytics Rules,financial_analytics,Medium,pass,Validation passed,"{'ROA': np.float64(0.0653), 'robust_z': None}"
AARTI DRUGS LTD,2025,FA-037,Peer outlier: debt-to-equity ratio,Financial Analytics Rules,financial_analytics,Medium,skipped,Unavailable metrics: ['Debt_Equity_Ratio'],{}
AARTI DRUGS LTD,2025,FA-038,Peer outlier: debt ratio,Financial Analytics Rules,financial_analytics,Medium,skipped,Unavailable metrics: ['Debt_Ratio'],{}
AARTI DRUGS LTD,2025,FA-039,Peer outlier: equity ratio,Financial Analytics Rules,financial_analytics,Medium,skipped,Unavailable metrics: ['Equity_Ratio'],{}
AARTI DRUGS LTD,2025,FA-040,Peer outlier: interest coverage,Financial Analytics Rules,financial_analytics,Medium,skipped,Unavailable metrics: ['Interest_Coverage_Ratio'],{}
AARTI DRUGS LTD,2025,FA-041,Peer outlier: borrowing dependency,Financial Analytics Rules,financial_analytics,Medium,skipped,Unavailable metrics: ['Borrowing_Dependency_Ratio'],{}
AARTI DRUGS LTD,2025,FA-042,Peer outlier: working capital ratio,Financial Analytics Rules,financial_analytics,Medium,pass,Validation passed,"{'Working_Capital_Ratio': np.float64(0.0029), 'robust_z': None}"
AARTI DRUGS LTD,2025,FA-043,Peer outlier: asset utilization,Financial Analytics Rules,financial_analytics,Medium,skipped,Unavailable metrics: ['Asset_Utilization_Ratio'],{}
AARTI DRUGS LTD,2025,FA-044,Peer outlier: receivable ratio,Financial Analytics Rules,financial_analytics,Medium,pass,Validation passed,"{'Receivable_Ratio': np.float64(0.3147), 'robust_z': None}"
AARTI DRUGS LTD,2025,FA-045,Peer outlier: inventory ratio,Financial Analytics Rules,financial_analytics,Medium,pass,Validation passed,"{'Inventory_Ratio': np.float64(0.1981), 'robust_z': None}"
AARTI DRUGS LTD,2025,FA-046,Peer outlier: expense ratio,Financial Analytics Rules,financial_analytics,Medium,pass,Validation passed,"{'Expense_Ratio': np.float64(0.9018), 'robust_z': None}"
AARTI DRUGS LTD,2025,FA-047,Peer outlier: depreciation ratio,Financial Analytics Rules,financial_analytics,Medium,pass,Validation passed,"{'Depreciation_Ratio': np.float64(0.0217), 'robust_z': None}"
AARTI DRUGS LTD,2025,FA-048,Peer outlier: operating-cash-flow ratio,Financial Analytics Rules,financial_analytics,Medium,pass,Validation passed,"{'Operating_CF_Ratio': np.float64(0.1025), 'robust_z': None}"
AARTI DRUGS LTD,2025,FA-049,Peer outlier: cash-to-debt ratio,Financial Analytics Rules,financial_analytics,Medium,skipped,Unavailable metrics: ['Cash_To_Debt_Ratio'],{}
AARTI DRUGS LTD,2025,FA-050,Peer outlier: cash margin,Financial Analytics Rules,financial_analytics,Medium,pass,Validation passed,"{'Cash_Margin': np.float64(1.4544), 'robust_z': None}"
AARTI DRUGS LTD,2025,FA-051,Peer outlier: revenue growth,Financial Analytics Rules,financial_analytics,Medium,pass,Validation passed,"{'Revenue_Growth': np.float64(-0.056), 'robust_z': None}"
AARTI DRUGS LTD,2025,FA-052,Peer outlier: profit growth,Financial Analytics Rules,financial_analytics,Medium,pass,Validation passed,"{'Profit_Growth': np.float64(-0.019), 'robust_z': None}"
AARTI DRUGS LTD,2025,FA-053,Peer outlier: borrowing growth,Financial Analytics Rules,financial_analytics,Medium,pass,Validation passed,"{'Borrowing_Growth': np.float64(0.09), 'robust_z': None}"
AARTI DRUGS LTD,2025,FA-054,Peer outlier: asset growth,Financial Analytics Rules,financial_analytics,Medium,pass,Validation passed,"{'Asset_Growth': np.float64(0.0585), 'robust_z': None}"
AARTI DRUGS LTD,2025,FA-055,Peer outlier: reserve growth,Financial Analytics Rules,financial_analytics,Medium,pass,Validation passed,"{'Reserve_Growth': np.float64(0.0741), 'robust_z': None}"
AARTI DRUGS LTD,2025,FA-056,Peer outlier: operating-cash-flow growth,Financial Analytics Rules,financial_analytics,Medium,pass,Validation passed,"{'Operating_CF_Growth': np.float64(-0.3186), 'robust_z': None}"
AARTI DRUGS LTD,2025,FA-057,Peer outlier: receivable growth,Financial Analytics Rules,financial_analytics,Medium,pass,Validation passed,"{'Receivable_Growth': np.float64(0.0662), 'robust_z': None}"
AARTI DRUGS LTD,2025,FA-058,Peer outlier: inventory growth,Financial Analytics Rules,financial_analytics,Medium,pass,Validation passed,"{'Inventory_Growth': np.float64(-0.0267), 'robust_z': None}"
AARTI DRUGS LTD,2025,FA-059,Peer outlier: cash growth,Financial Analytics Rules,financial_analytics,Medium,pass,Validation passed,"{'Cash_Growth': np.float64(-0.1983), 'robust_z': None}"
AARTI DRUGS LTD,2025,FA-060,Peer outlier: three-year revenue CAGR,Financial Analytics Rules,financial_analytics,Medium,pass,Validation passed,"{'Revenue_CAGR_3Y': np.float64(-0.0138), 'robust_z': None}"
AARTI DRUGS LTD,2025,FA-061,Peer outlier: three-year profit CAGR,Financial Analytics Rules,financial_analytics,Medium,pass,Validation passed,"{'Profit_CAGR_3Y': np.float64(-0.064), 'robust_z': None}"
AARTI DRUGS LTD,2025,FA-062,Peer outlier: revenue volatility,Financial Analytics Rules,financial_analytics,Medium,pass,Validation passed,"{'Revenue_Volatility': np.float64(165.0432), 'robust_z': None}"
AARTI DRUGS LTD,2025,FA-063,Peer outlier: profit volatility,Financial Analytics Rules,financial_analytics,Medium,pass,Validation passed,"{'Profit_Volatility': np.float64(2.5872), 'robust_z': None}"
AARTI DRUGS LTD,2025,FA-064,Peer outlier: operating-cash-flow volatility,Financial Analytics Rules,financial_analytics,Medium,pass,Validation passed,"{'Operating_CF_Volatility': np.float64(112.8035), 'robust_z': None}"
AARTI DRUGS LTD,2025,FA-065,Unstable trend: profit margin,Financial Analytics Rules,financial_analytics,Medium,pass,Validation passed,"{'Profit_Margin': np.float64(0.0704), 'robust_z': None}"
AARTI DRUGS LTD,2025,FA-066,Unstable trend: operating margin,Financial Analytics Rules,financial_analytics,Medium,pass,Validation passed,"{'Operating_Margin': np.float64(0.105), 'robust_z': None}"
AARTI DRUGS LTD,2025,FA-067,Unstable trend: return on equity,Financial Analytics Rules,financial_analytics,Medium,pass,Validation passed,"{'ROE': np.float64(0.1228), 'robust_z': None}"
AARTI DRUGS LTD,2025,FA-068,Unstable trend: return on assets,Financial Analytics Rules,financial_analytics,Medium,pass,Validation passed,"{'ROA': np.float64(0.0653), 'robust_z': None}"
AARTI DRUGS LTD,2025,FA-069,Unstable trend: debt-to-equity ratio,Financial Analytics Rules,financial_analytics,Medium,skipped,Unavailable metrics: ['Debt_Equity_Ratio'],{}
AARTI DRUGS LTD,2025,FA-070,Unstable trend: debt ratio,Financial Analytics Rules,financial_analytics,Medium,skipped,Unavailable metrics: ['Debt_Ratio'],{}
AARTI DRUGS LTD,2025,FA-071,Unstable trend: equity ratio,Financial Analytics Rules,financial_analytics,Medium,skipped,Unavailable metrics: ['Equity_Ratio'],{}
AARTI DRUGS LTD,2025,FA-072,Unstable trend: interest coverage,Financial Analytics Rules,financial_analytics,Medium,skipped,Unavailable metrics: ['Interest_Coverage_Ratio'],{}
AARTI DRUGS LTD,2025,FA-073,Unstable trend: borrowing dependency,Financial Analytics Rules,financial_analytics,Medium,skipped,Unavailable metrics: ['Borrowing_Dependency_Ratio'],{}
AARTI DRUGS LTD,2025,FA-074,Unstable trend: working capital ratio,Financial Analytics Rules,financial_analytics,Medium,pass,Validation passed,"{'Working_Capital_Ratio': np.float64(0.0029), 'robust_z': None}"
AARTI DRUGS LTD,2025,FA-075,Unstable trend: asset utilization,Financial Analytics Rules,financial_analytics,Medium,skipped,Unavailable metrics: ['Asset_Utilization_Ratio'],{}
AARTI DRUGS LTD,2025,FA-076,Unstable trend: receivable ratio,Financial Analytics Rules,financial_analytics,Medium,pass,Validation passed,"{'Receivable_Ratio': np.float64(0.3147), 'robust_z': None}"
AARTI DRUGS LTD,2025,FA-077,Unstable trend: inventory ratio,Financial Analytics Rules,financial_analytics,Medium,pass,Validation passed,"{'Inventory_Ratio': np.float64(0.1981), 'robust_z': None}"
AARTI DRUGS LTD,2025,FA-078,Unstable trend: expense ratio,Financial Analytics Rules,financial_analytics,Medium,pass,Validation passed,"{'Expense_Ratio': np.float64(0.9018), 'robust_z': None}"
AARTI DRUGS LTD,2025,FA-079,Unstable trend: depreciation ratio,Financial Analytics Rules,financial_analytics,Medium,pass,Validation passed,"{'Depreciation_Ratio': np.float64(0.0217), 'robust_z': None}"
AARTI DRUGS LTD,2025,FA-080,Unstable trend: operating-cash-flow ratio,Financial Analytics Rules,financial_analytics,Medium,pass,Validation passed,"{'Operating_CF_Ratio': np.float64(0.1025), 'robust_z': None}"
AARTI DRUGS LTD,2025,FA-081,Unstable trend: cash-to-debt ratio,Financial Analytics Rules,financial_analytics,Medium,skipped,Unavailable metrics: ['Cash_To_Debt_Ratio'],{}
AARTI DRUGS LTD,2025,FA-082,Unstable trend: cash margin,Financial Analytics Rules,financial_analytics,Medium,pass,Validation passed,"{'Cash_Margin': np.float64(1.4544), 'robust_z': None}"
AARTI DRUGS LTD,2025,FA-083,Unstable trend: revenue growth,Financial Analytics Rules,financial_analytics,Medium,pass,Validation passed,"{'Revenue_Growth': np.float64(-0.056), 'robust_z': None}"
AARTI DRUGS LTD,2025,FA-084,Unstable trend: profit growth,Financial Analytics Rules,financial_analytics,Medium,pass,Validation passed,"{'Profit_Growth': np.float64(-0.019), 'robust_z': None}"
AARTI DRUGS LTD,2025,FA-085,Unstable trend: borrowing growth,Financial Analytics Rules,financial_analytics,Medium,pass,Validation passed,"{'Borrowing_Growth': np.float64(0.09), 'robust_z': None}"
AARTI DRUGS LTD,2025,FA-086,Unstable trend: asset growth,Financial Analytics Rules,financial_analytics,Medium,pass,Validation passed,"{'Asset_Growth': np.float64(0.0585), 'robust_z': None}"
AARTI DRUGS LTD,2025,FA-087,Unstable trend: reserve growth,Financial Analytics Rules,financial_analytics,Medium,pass,Validation passed,"{'Reserve_Growth': np.float64(0.0741), 'robust_z': None}"
AARTI DRUGS LTD,2025,FA-088,Unstable trend: operating-cash-flow growth,Financial Analytics Rules,financial_analytics,Medium,pass,Validation passed,"{'Operating_CF_Growth': np.float64(-0.3186), 'robust_z': None}"
AARTI DRUGS LTD,2025,FA-089,Unstable trend: receivable growth,Financial Analytics Rules,financial_analytics,Medium,pass,Validation passed,"{'Receivable_Growth': np.float64(0.0662), 'robust_z': None}"
AARTI DRUGS LTD,2025,FA-090,Unstable trend: inventory growth,Financial Analytics Rules,financial_analytics,Medium,pass,Validation passed,"{'Inventory_Growth': np.float64(-0.0267), 'robust_z': None}"
AARTI DRUGS LTD,2025,FA-091,Unstable trend: cash growth,Financial Analytics Rules,financial_analytics,Medium,pass,Validation passed,"{'Cash_Growth': np.float64(-0.1983), 'robust_z': None}"
AARTI DRUGS LTD,2025,FA-092,Unstable trend: three-year revenue CAGR,Financial Analytics Rules,financial_analytics,Medium,pass,Validation passed,"{'Revenue_CAGR_3Y': np.float64(-0.0138), 'robust_z': None}"
AARTI DRUGS LTD,2025,FA-093,Unstable trend: three-year profit CAGR,Financial Analytics Rules,financial_analytics,Medium,pass,Validation passed,"{'Profit_CAGR_3Y': np.float64(-0.064), 'robust_z': None}"
AARTI DRUGS LTD,2025,FA-094,Unstable trend: revenue volatility,Financial Analytics Rules,financial_analytics,Medium,pass,Validation passed,"{'Revenue_Volatility': np.float64(165.0432), 'robust_z': None}"
AARTI DRUGS LTD,2025,FA-095,Unstable trend: profit volatility,Financial Analytics Rules,financial_analytics,Medium,pass,Validation passed,"{'Profit_Volatility': np.float64(2.5872), 'robust_z': None}"
AARTI DRUGS LTD,2025,FA-096,Unstable trend: operating-cash-flow volatility,Financial Analytics Rules,financial_analytics,Medium,pass,Validation passed,"{'Operating_CF_Volatility': np.float64(112.8035), 'robust_z': None}"
AARTI DRUGS LTD,2025,FA-097,Revenue growth with profit decline,Financial Analytics Rules,financial_analytics,High,pass,Validation passed,"{'Revenue_Growth': np.float64(-0.056), 'Profit_Growth': np.float64(-0.019)}"
AARTI DRUGS LTD,2025,FA-098,Revenue growth with operating cash-flow decline,Financial Analytics Rules,financial_analytics,High,pass,Validation passed,"{'Revenue_Growth': np.float64(-0.056), 'Operating_CF_Growth': np.float64(-0.3186)}"
AARTI DRUGS LTD,2025,FA-099,Receivables growth exceeding revenue growth,Financial Analytics Rules,financial_analytics,High,fail,Validation triggered,"{'Receivable_Growth': np.float64(0.0662), 'Revenue_Growth': np.float64(-0.056)}"
AARTI DRUGS LTD,2025,FA-100,Inventory growth with revenue decline,Financial Analytics Rules,financial_analytics,High,pass,Validation passed,"{'Inventory_Growth': np.float64(-0.0267), 'Revenue_Growth': np.float64(-0.056)}"
AARTI DRUGS LTD,2025,FA-101,Borrowing growth with cash decline,Financial Analytics Rules,financial_analytics,High,fail,Validation triggered,"{'Borrowing_Growth': np.float64(0.09), 'Cash_Growth': np.float64(-0.1983)}"
AARTI DRUGS LTD,2025,FA-102,Borrowing growth with flat revenue,Financial Analytics Rules,financial_analytics,High,fail,Validation triggered,"{'Borrowing_Growth': np.float64(0.09), 'Revenue_Growth': np.float64(-0.056)}"
AARTI DRUGS LTD,2025,FA-103,Revenue growth with operating-margin decline,Financial Analytics Rules,financial_analytics,High,pass,Validation passed,"{'Revenue_Growth': np.float64(-0.056), 'Operating_Margin': np.float64(0.105)}"
AARTI DRUGS LTD,2025,FA-104,Profit growth with cash decline,Financial Analytics Rules,financial_analytics,High,pass,Validation passed,"{'Profit_Growth': np.float64(-0.019), 'Cash_Growth': np.float64(-0.1983)}"
AARTI DRUGS LTD,2025,FA-105,Debt growth with interest-coverage decline,Financial Analytics Rules,financial_analytics,High,skipped,Unavailable metrics: ['Interest_Coverage_Ratio'],{}
AARTI DRUGS LTD,2025,FA-106,Operating cash flow below net profit,Financial Analytics Rules,financial_analytics,High,pass,Validation passed,"{'Cash from Operating Activity': np.float64(244.58), 'Net profit': np.float64(168.16)}"
AARTI DRUGS LTD,2025,FA-107,Cash decline amid positive operating cash flow,Financial Analytics Rules,financial_analytics,Medium,fail,Validation triggered,"{'Cash_Growth': np.float64(-0.1983), 'Cash from Operating Activity': np.float64(244.58)}"
AARTI DRUGS LTD,2025,FA-108,Cash-flow composition outlier,Financial Analytics Rules,financial_analytics,Medium,pass,Validation passed,"{'Cash from Operating Activity': np.float64(244.58), 'Cash from Investing Activity': np.float64(-164.63), 'Cash from Financing Activity': np.float64(-82.12)}"
AARTI DRUGS LTD,2025,IS-002,Gross margin consistency,Handbook Rules,trend,Medium,skipped,Unavailable metrics: ['gross_margin'],{}
AARTI DRUGS LTD,2025,IS-007,Interest expense reasonableness,Handbook Rules,analytical,Medium,pass,Validation passed,"{'Interest': np.float64(39.04), 'Borrowings': np.float64(615.08)}"
AARTI DRUGS LTD,2025,IS-008,Effective tax rate reasonableness,Handbook Rules,analytical,Medium,skipped,Unavailable metrics: ['effective_tax_rate'],{}
AARTI DRUGS LTD,2025,IS-010,Unusual expense spike detection,Handbook Rules,trend,High,skipped,Unavailable metrics: ['Total Expenses'],{}
AARTI DRUGS LTD,2025,IS-011,Revenue versus operating cash flow correlation,Handbook Rules,cross_statement,High,pass,Validation passed,"{'Revenue_Growth': np.float64(-0.056), 'Operating_CF_Growth': np.float64(-0.3186)}"
AARTI DRUGS LTD,2025,IS-013,Net income to reserve movement plausibility,Handbook Rules,cross_statement,Critical,fail,Validation triggered,"{'Net profit': np.float64(168.16), 'Dividend Amount': np.float64(9.13), 'Reserves': np.float64(1277.73)}"
AARTI DRUGS LTD,2025,IS-016,Depreciation expense consistency,Handbook Rules,trend,Medium,pass,Validation passed,"{'Depreciation_Ratio': np.float64(0.0217), 'robust_z': None}"
AARTI DRUGS LTD,2025,LED-001,Accounting equation,Handbook Rules,integrity,Critical,pass,Validation passed,"{'Total Assets': np.float64(2574.68), 'Total Liabilities': np.float64(2574.68), 'Equity Share Capital': np.float64(91.27), 'Reserves': np.float64(1277.73)}"
AARTI DRUGS LTD,2025,RAT-005,Debt-to-equity ratio,Handbook Rules,ratio,High,skipped,Unavailable metrics: ['Debt_Equity_Ratio'],{}
AARTI DRUGS LTD,2025,RAT-006,Debt-to-assets ratio,Handbook Rules,ratio,High,skipped,Unavailable metrics: ['Debt_Ratio'],{}
AARTI DRUGS LTD,2025,RAT-007,Equity ratio,Handbook Rules,ratio,High,skipped,Unavailable metrics: ['Equity_Ratio'],{}
AARTI DRUGS LTD,2025,RAT-008,Interest coverage ratio,Handbook Rules,ratio,High,skipped,Unavailable metrics: ['Interest_Coverage_Ratio'],{}
AARTI DRUGS LTD,2025,RAT-010,Gross profit margin trend,Handbook Rules,trend,Medium,skipped,Unavailable metrics: ['gross_margin'],{}
AARTI DRUGS LTD,2025,RAT-011,Net profit margin trend,Handbook Rules,trend,Medium,pass,Validation passed,{'Profit_Margin': np.float64(0.0704)}
AARTI DRUGS LTD,2025,RAT-012,Operating margin trend,Handbook Rules,trend,Medium,pass,Validation passed,{'Operating_Margin': np.float64(0.105)}
AARTI DRUGS LTD,2025,RAT-014,Return on assets outlier,Handbook Rules,ratio,Medium,pass,Validation passed,"{'ROA': np.float64(0.0653), 'robust_z': None}"
AARTI DRUGS LTD,2025,RAT-015,Return on equity outlier,Handbook Rules,ratio,Medium,pass,Validation passed,"{'ROE': np.float64(0.1228), 'robust_z': None}"
AARTI DRUGS LTD,2025,RAT-017,Asset turnover outlier,Handbook Rules,ratio,Medium,skipped,Unavailable metrics: ['Asset_Utilization_Ratio'],{}
AARTI DRUGS LTD,2025,RAT-018,Inventory turnover outlier,Handbook Rules,ratio,Medium,skipped,Unavailable metrics: ['inventory_turnover'],{}
AARTI DRUGS LTD,2025,RAT-019,Receivables turnover outlier,Handbook Rules,ratio,Medium,skipped,Unavailable metrics: ['receivables_turnover'],{}
AARTI DRUGS LTD,2025,RAT-020,Days sales outstanding trend,Handbook Rules,trend,Medium,skipped,Unavailable metrics: ['dso'],{}
AARTI DRUGS LTD,2025,RAT-022,Days inventory outstanding trend,Handbook Rules,trend,Medium,skipped,Unavailable metrics: ['dio'],{}
AARTI DRUGS LTD,2025,RAT-024,Revenue growth rate,Handbook Rules,trend,Medium,fail,Validation triggered,{'Revenue_Growth': np.float64(-0.056)}
AARTI DRUGS LTD,2025,TR-001,Year-over-year revenue variance,Handbook Rules,trend,Medium,pass,Validation passed,"{'Revenue_Growth': np.float64(-0.056), 'robust_z': None}"
AARTI DRUGS LTD,2025,TR-002,Year-over-year expense variance,Handbook Rules,trend,Medium,skipped,Unavailable metrics: ['Total Expenses'],{}
AARTI DRUGS LTD,2025,TR-003,Multi-year trend consistency,Handbook Rules,trend,Medium,pass,Validation passed,"{'Revenue_Volatility': np.float64(165.0432), 'robust_z': None}"
AARTI DRUGS LTD,2025,TR-006,Common-size statement analysis,Handbook Rules,trend,Medium,pass,Validation passed,"{'Expense_Ratio': np.float64(0.9018), 'robust_z': None}"
AARTI DRUGS LTD,2025,TR-009,Margin trend stability,Handbook Rules,trend,Medium,pass,Validation passed,"{'Profit_Margin': np.float64(0.0704), 'Operating_Margin': np.float64(0.105), 'robust_z': None}"
AARTI DRUGS LTD,2026,BS-001,Balance sheet equation,Handbook Rules,integrity,Critical,pass,Validation passed,"{'Total Assets': np.float64(2815.26), 'Total Liabilities': np.float64(2815.26), 'Equity Share Capital': np.float64(91.27), 'Reserves': np.float64(1457.59)}"
AARTI DRUGS LTD,2026,BS-009,Negative total equity,Handbook Rules,solvency,High,pass,Validation passed,"{'Equity Share Capital': np.float64(91.27), 'Reserves': np.float64(1457.59)}"
AARTI DRUGS LTD,2026,CF-002,Cash flow to cash-balance tie-out,Handbook Rules,integrity,Critical,fail,Validation triggered,"{'Cash & Bank': np.float64(8.81), 'Net Cash Flow': np.float64(2.69)}"
AARTI DRUGS LTD,2026,CF-004,Financing activity plausibility,Handbook Rules,cross_statement,High,pass,Validation passed,"{'Borrowings': np.float64(576.64), 'Dividend Amount': np.float64(18.25), 'Cash from Financing Activity': np.float64(-77.44)}"
AARTI DRUGS LTD,2026,CF-006,Depreciation non-cash adjustment plausibility,Handbook Rules,cross_statement,High,pass,Validation passed,"{'Net profit': np.float64(194.92), 'Depreciation': np.float64(66.97), 'Cash from Operating Activity': np.float64(253.54)}"
AARTI DRUGS LTD,2026,CF-008,Sustained negative operating cash flow,Handbook Rules,trend,High,pass,Validation passed,{'Cash from Operating Activity': np.float64(253.54)}
AARTI DRUGS LTD,2026,CF-009,Cash flow versus net income divergence,Handbook Rules,cross_statement,High,pass,Validation passed,"{'Operating_CF_Ratio': np.float64(0.0988), 'robust_z': None}"
AARTI DRUGS LTD,2026,CF-010,Dividend versus reserves,Handbook Rules,solvency,High,pass,Validation passed,"{'Dividend Amount': np.float64(18.25), 'Reserves': np.float64(1457.59)}"
AARTI DRUGS LTD,2026,DV-004,Mandatory field completeness,Handbook Rules,data_completeness,Critical,pass,Validation passed,"{'Company': 'AARTI DRUGS LTD', 'Year': np.int64(2026)}"
AARTI DRUGS LTD,2026,DV-007,Numeric financial value validation,Handbook Rules,data_completeness,High,pass,Validation passed,{}
AARTI DRUGS LTD,2026,DV-008,Unexpected negative cash or inventory,Handbook Rules,data_quality,Medium,pass,Validation passed,"{'Cash & Bank': np.float64(8.81), 'Inventory': np.float64(490.78)}"
AARTI DRUGS LTD,2026,DV-012,Input schema validation,Handbook Rules,data_completeness,High,pass,Validation passed,{}
AARTI DRUGS LTD,2026,DV-015,Statistical outlier screening,Handbook Rules,analytical,Medium,pass,Validation passed,"{'Sales': np.float64(2565.31), 'robust_z': None}"
AARTI DRUGS LTD,2026,DV-018,Reporting date consistency,Handbook Rules,data_completeness,Medium,skipped,Unavailable metrics: ['Report Date'],{}
AARTI DRUGS LTD,2026,FA-001,Adverse profit margin,Financial Analytics Rules,financial_analytics,Medium,pass,Validation passed,{'Profit_Margin': np.float64(0.076)}
AARTI DRUGS LTD,2026,FA-002,Adverse operating margin,Financial Analytics Rules,financial_analytics,Medium,pass,Validation passed,{'Operating_Margin': np.float64(0.0819)}
AARTI DRUGS LTD,2026,FA-003,Adverse return on equity,Financial Analytics Rules,financial_analytics,Medium,pass,Validation passed,{'ROE': np.float64(0.1258)}
AARTI DRUGS LTD,2026,FA-004,Adverse return on assets,Financial Analytics Rules,financial_analytics,Medium,pass,Validation passed,{'ROA': np.float64(0.0692)}
AARTI DRUGS LTD,2026,FA-005,Adverse debt-to-equity ratio,Financial Analytics Rules,financial_analytics,Medium,skipped,Unavailable metrics: ['Debt_Equity_Ratio'],{}
AARTI DRUGS LTD,2026,FA-006,Adverse debt ratio,Financial Analytics Rules,financial_analytics,Medium,skipped,Unavailable metrics: ['Debt_Ratio'],{}
AARTI DRUGS LTD,2026,FA-007,Adverse equity ratio,Financial Analytics Rules,financial_analytics,Medium,skipped,Unavailable metrics: ['Equity_Ratio'],{}
AARTI DRUGS LTD,2026,FA-008,Adverse interest coverage,Financial Analytics Rules,financial_analytics,Medium,skipped,Unavailable metrics: ['Interest_Coverage_Ratio'],{}
AARTI DRUGS LTD,2026,FA-009,Adverse borrowing dependency,Financial Analytics Rules,financial_analytics,Medium,skipped,Unavailable metrics: ['Borrowing_Dependency_Ratio'],{}
AARTI DRUGS LTD,2026,FA-010,Adverse working capital ratio,Financial Analytics Rules,financial_analytics,Medium,pass,Validation passed,"{'Working_Capital_Ratio': np.float64(0.0031), 'robust_z': None}"
AARTI DRUGS LTD,2026,FA-011,Adverse asset utilization,Financial Analytics Rules,financial_analytics,Medium,skipped,Unavailable metrics: ['Asset_Utilization_Ratio'],{}
AARTI DRUGS LTD,2026,FA-012,Adverse receivable ratio,Financial Analytics Rules,financial_analytics,Medium,pass,Validation passed,"{'Receivable_Ratio': np.float64(0.3235), 'robust_z': None}"
AARTI DRUGS LTD,2026,FA-013,Adverse inventory ratio,Financial Analytics Rules,financial_analytics,Medium,pass,Validation passed,"{'Inventory_Ratio': np.float64(0.1913), 'robust_z': None}"
AARTI DRUGS LTD,2026,FA-014,Adverse expense ratio,Financial Analytics Rules,financial_analytics,Medium,pass,Validation passed,"{'Expense_Ratio': np.float64(0.919), 'robust_z': None}"
AARTI DRUGS LTD,2026,FA-015,Adverse depreciation ratio,Financial Analytics Rules,financial_analytics,Medium,pass,Validation passed,"{'Depreciation_Ratio': np.float64(0.0238), 'robust_z': None}"
AARTI DRUGS LTD,2026,FA-016,Adverse operating-cash-flow ratio,Financial Analytics Rules,financial_analytics,Medium,pass,Validation passed,{'Operating_CF_Ratio': np.float64(0.0988)}
AARTI DRUGS LTD,2026,FA-017,Adverse cash-to-debt ratio,Financial Analytics Rules,financial_analytics,Medium,skipped,Unavailable metrics: ['Cash_To_Debt_Ratio'],{}
AARTI DRUGS LTD,2026,FA-018,Adverse cash margin,Financial Analytics Rules,financial_analytics,Medium,pass,Validation passed,{'Cash_Margin': np.float64(1.3007)}
AARTI DRUGS LTD,2026,FA-019,Adverse revenue growth,Financial Analytics Rules,financial_analytics,High,pass,Validation passed,{'Revenue_Growth': np.float64(0.0747)}
AARTI DRUGS LTD,2026,FA-020,Adverse profit growth,Financial Analytics Rules,financial_analytics,High,pass,Validation passed,{'Profit_Growth': np.float64(0.1591)}
AARTI DRUGS LTD,2026,FA-021,Adverse borrowing growth,Financial Analytics Rules,financial_analytics,High,fail,Validation triggered,{'Borrowing_Growth': np.float64(-0.0625)}
AARTI DRUGS LTD,2026,FA-022,Adverse asset growth,Financial Analytics Rules,financial_analytics,High,pass,Validation passed,{'Asset_Growth': np.float64(0.0934)}
AARTI DRUGS LTD,2026,FA-023,Adverse reserve growth,Financial Analytics Rules,financial_analytics,High,pass,Validation passed,{'Reserve_Growth': np.float64(0.1408)}
AARTI DRUGS LTD,2026,FA-024,Adverse operating-cash-flow growth,Financial Analytics Rules,financial_analytics,High,pass,Validation passed,{'Operating_CF_Growth': np.float64(0.0366)}
AARTI DRUGS LTD,2026,FA-025,Adverse receivable growth,Financial Analytics Rules,financial_analytics,High,pass,Validation passed,{'Receivable_Growth': np.float64(0.1048)}
AARTI DRUGS LTD,2026,FA-026,Adverse inventory growth,Financial Analytics Rules,financial_analytics,High,pass,Validation passed,{'Inventory_Growth': np.float64(0.0377)}
AARTI DRUGS LTD,2026,FA-027,Adverse cash growth,Financial Analytics Rules,financial_analytics,High,pass,Validation passed,{'Cash_Growth': np.float64(0.1653)}
AARTI DRUGS LTD,2026,FA-028,Adverse three-year revenue CAGR,Financial Analytics Rules,financial_analytics,Medium,pass,Validation passed,"{'Revenue_CAGR_3Y': np.float64(-0.0189), 'robust_z': None}"
AARTI DRUGS LTD,2026,FA-029,Adverse three-year profit CAGR,Financial Analytics Rules,financial_analytics,Medium,pass,Validation passed,"{'Profit_CAGR_3Y': np.float64(0.0543), 'robust_z': None}"
AARTI DRUGS LTD,2026,FA-030,Adverse revenue volatility,Financial Analytics Rules,financial_analytics,Medium,pass,Validation passed,"{'Revenue_Volatility': np.float64(94.1358), 'robust_z': None}"
AARTI DRUGS LTD,2026,FA-031,Adverse profit volatility,Financial Analytics Rules,financial_analytics,Medium,pass,Validation passed,"{'Profit_Volatility': np.float64(14.6001), 'robust_z': None}"
AARTI DRUGS LTD,2026,FA-032,Adverse operating-cash-flow volatility,Financial Analytics Rules,financial_analytics,Medium,pass,Validation passed,"{'Operating_CF_Volatility': np.float64(63.5857), 'robust_z': None}"
AARTI DRUGS LTD,2026,FA-033,Peer outlier: profit margin,Financial Analytics Rules,financial_analytics,Medium,pass,Validation passed,"{'Profit_Margin': np.float64(0.076), 'robust_z': None}"
AARTI DRUGS LTD,2026,FA-034,Peer outlier: operating margin,Financial Analytics Rules,financial_analytics,Medium,pass,Validation passed,"{'Operating_Margin': np.float64(0.0819), 'robust_z': None}"
AARTI DRUGS LTD,2026,FA-035,Peer outlier: return on equity,Financial Analytics Rules,financial_analytics,Medium,pass,Validation passed,"{'ROE': np.float64(0.1258), 'robust_z': None}"
AARTI DRUGS LTD,2026,FA-036,Peer outlier: return on assets,Financial Analytics Rules,financial_analytics,Medium,pass,Validation passed,"{'ROA': np.float64(0.0692), 'robust_z': None}"
AARTI DRUGS LTD,2026,FA-037,Peer outlier: debt-to-equity ratio,Financial Analytics Rules,financial_analytics,Medium,skipped,Unavailable metrics: ['Debt_Equity_Ratio'],{}
AARTI DRUGS LTD,2026,FA-038,Peer outlier: debt ratio,Financial Analytics Rules,financial_analytics,Medium,skipped,Unavailable metrics: ['Debt_Ratio'],{}
AARTI DRUGS LTD,2026,FA-039,Peer outlier: equity ratio,Financial Analytics Rules,financial_analytics,Medium,skipped,Unavailable metrics: ['Equity_Ratio'],{}
AARTI DRUGS LTD,2026,FA-040,Peer outlier: interest coverage,Financial Analytics Rules,financial_analytics,Medium,skipped,Unavailable metrics: ['Interest_Coverage_Ratio'],{}
AARTI DRUGS LTD,2026,FA-041,Peer outlier: borrowing dependency,Financial Analytics Rules,financial_analytics,Medium,skipped,Unavailable metrics: ['Borrowing_Dependency_Ratio'],{}
AARTI DRUGS LTD,2026,FA-042,Peer outlier: working capital ratio,Financial Analytics Rules,financial_analytics,Medium,pass,Validation passed,"{'Working_Capital_Ratio': np.float64(0.0031), 'robust_z': None}"
AARTI DRUGS LTD,2026,FA-043,Peer outlier: asset utilization,Financial Analytics Rules,financial_analytics,Medium,skipped,Unavailable metrics: ['Asset_Utilization_Ratio'],{}
AARTI DRUGS LTD,2026,FA-044,Peer outlier: receivable ratio,Financial Analytics Rules,financial_analytics,Medium,pass,Validation passed,"{'Receivable_Ratio': np.float64(0.3235), 'robust_z': None}"
AARTI DRUGS LTD,2026,FA-045,Peer outlier: inventory ratio,Financial Analytics Rules,financial_analytics,Medium,pass,Validation passed,"{'Inventory_Ratio': np.float64(0.1913), 'robust_z': None}"
AARTI DRUGS LTD,2026,FA-046,Peer outlier: expense ratio,Financial Analytics Rules,financial_analytics,Medium,pass,Validation passed,"{'Expense_Ratio': np.float64(0.919), 'robust_z': None}"
AARTI DRUGS LTD,2026,FA-047,Peer outlier: depreciation ratio,Financial Analytics Rules,financial_analytics,Medium,pass,Validation passed,"{'Depreciation_Ratio': np.float64(0.0238), 'robust_z': None}"
AARTI DRUGS LTD,2026,FA-048,Peer outlier: operating-cash-flow ratio,Financial Analytics Rules,financial_analytics,Medium,pass,Validation passed,"{'Operating_CF_Ratio': np.float64(0.0988), 'robust_z': None}"
AARTI DRUGS LTD,2026,FA-049,Peer outlier: cash-to-debt ratio,Financial Analytics Rules,financial_analytics,Medium,skipped,Unavailable metrics: ['Cash_To_Debt_Ratio'],{}
AARTI DRUGS LTD,2026,FA-050,Peer outlier: cash margin,Financial Analytics Rules,financial_analytics,Medium,pass,Validation passed,"{'Cash_Margin': np.float64(1.3007), 'robust_z': None}"
AARTI DRUGS LTD,2026,FA-051,Peer outlier: revenue growth,Financial Analytics Rules,financial_analytics,Medium,pass,Validation passed,"{'Revenue_Growth': np.float64(0.0747), 'robust_z': None}"
AARTI DRUGS LTD,2026,FA-052,Peer outlier: profit growth,Financial Analytics Rules,financial_analytics,Medium,pass,Validation passed,"{'Profit_Growth': np.float64(0.1591), 'robust_z': None}"
AARTI DRUGS LTD,2026,FA-053,Peer outlier: borrowing growth,Financial Analytics Rules,financial_analytics,Medium,pass,Validation passed,"{'Borrowing_Growth': np.float64(-0.0625), 'robust_z': None}"
AARTI DRUGS LTD,2026,FA-054,Peer outlier: asset growth,Financial Analytics Rules,financial_analytics,Medium,pass,Validation passed,"{'Asset_Growth': np.float64(0.0934), 'robust_z': None}"
AARTI DRUGS LTD,2026,FA-055,Peer outlier: reserve growth,Financial Analytics Rules,financial_analytics,Medium,pass,Validation passed,"{'Reserve_Growth': np.float64(0.1408), 'robust_z': None}"
AARTI DRUGS LTD,2026,FA-056,Peer outlier: operating-cash-flow growth,Financial Analytics Rules,financial_analytics,Medium,pass,Validation passed,"{'Operating_CF_Growth': np.float64(0.0366), 'robust_z': None}"
AARTI DRUGS LTD,2026,FA-057,Peer outlier: receivable growth,Financial Analytics Rules,financial_analytics,Medium,pass,Validation passed,"{'Receivable_Growth': np.float64(0.1048), 'robust_z': None}"
AARTI DRUGS LTD,2026,FA-058,Peer outlier: inventory growth,Financial Analytics Rules,financial_analytics,Medium,pass,Validation passed,"{'Inventory_Growth': np.float64(0.0377), 'robust_z': None}"
AARTI DRUGS LTD,2026,FA-059,Peer outlier: cash growth,Financial Analytics Rules,financial_analytics,Medium,pass,Validation passed,"{'Cash_Growth': np.float64(0.1653), 'robust_z': None}"
AARTI DRUGS LTD,2026,FA-060,Peer outlier: three-year revenue CAGR,Financial Analytics Rules,financial_analytics,Medium,pass,Validation passed,"{'Revenue_CAGR_3Y': np.float64(-0.0189), 'robust_z': None}"
AARTI DRUGS LTD,2026,FA-061,Peer outlier: three-year profit CAGR,Financial Analytics Rules,financial_analytics,Medium,pass,Validation passed,"{'Profit_CAGR_3Y': np.float64(0.0543), 'robust_z': None}"
AARTI DRUGS LTD,2026,FA-062,Peer outlier: revenue volatility,Financial Analytics Rules,financial_analytics,Medium,pass,Validation passed,"{'Revenue_Volatility': np.float64(94.1358), 'robust_z': None}"
AARTI DRUGS LTD,2026,FA-063,Peer outlier: profit volatility,Financial Analytics Rules,financial_analytics,Medium,pass,Validation passed,"{'Profit_Volatility': np.float64(14.6001), 'robust_z': None}"
AARTI DRUGS LTD,2026,FA-064,Peer outlier: operating-cash-flow volatility,Financial Analytics Rules,financial_analytics,Medium,pass,Validation passed,"{'Operating_CF_Volatility': np.float64(63.5857), 'robust_z': None}"
AARTI DRUGS LTD,2026,FA-065,Unstable trend: profit margin,Financial Analytics Rules,financial_analytics,Medium,pass,Validation passed,"{'Profit_Margin': np.float64(0.076), 'robust_z': None}"
AARTI DRUGS LTD,2026,FA-066,Unstable trend: operating margin,Financial Analytics Rules,financial_analytics,Medium,pass,Validation passed,"{'Operating_Margin': np.float64(0.0819), 'robust_z': None}"
AARTI DRUGS LTD,2026,FA-067,Unstable trend: return on equity,Financial Analytics Rules,financial_analytics,Medium,pass,Validation passed,"{'ROE': np.float64(0.1258), 'robust_z': None}"
AARTI DRUGS LTD,2026,FA-068,Unstable trend: return on assets,Financial Analytics Rules,financial_analytics,Medium,pass,Validation passed,"{'ROA': np.float64(0.0692), 'robust_z': None}"
AARTI DRUGS LTD,2026,FA-069,Unstable trend: debt-to-equity ratio,Financial Analytics Rules,financial_analytics,Medium,skipped,Unavailable metrics: ['Debt_Equity_Ratio'],{}
AARTI DRUGS LTD,2026,FA-070,Unstable trend: debt ratio,Financial Analytics Rules,financial_analytics,Medium,skipped,Unavailable metrics: ['Debt_Ratio'],{}
AARTI DRUGS LTD,2026,FA-071,Unstable trend: equity ratio,Financial Analytics Rules,financial_analytics,Medium,skipped,Unavailable metrics: ['Equity_Ratio'],{}
AARTI DRUGS LTD,2026,FA-072,Unstable trend: interest coverage,Financial Analytics Rules,financial_analytics,Medium,skipped,Unavailable metrics: ['Interest_Coverage_Ratio'],{}
AARTI DRUGS LTD,2026,FA-073,Unstable trend: borrowing dependency,Financial Analytics Rules,financial_analytics,Medium,skipped,Unavailable metrics: ['Borrowing_Dependency_Ratio'],{}
AARTI DRUGS LTD,2026,FA-074,Unstable trend: working capital ratio,Financial Analytics Rules,financial_analytics,Medium,pass,Validation passed,"{'Working_Capital_Ratio': np.float64(0.0031), 'robust_z': None}"
AARTI DRUGS LTD,2026,FA-075,Unstable trend: asset utilization,Financial Analytics Rules,financial_analytics,Medium,skipped,Unavailable metrics: ['Asset_Utilization_Ratio'],{}
AARTI DRUGS LTD,2026,FA-076,Unstable trend: receivable ratio,Financial Analytics Rules,financial_analytics,Medium,pass,Validation passed,"{'Receivable_Ratio': np.float64(0.3235), 'robust_z': None}"
AARTI DRUGS LTD,2026,FA-077,Unstable trend: inventory ratio,Financial Analytics Rules,financial_analytics,Medium,pass,Validation passed,"{'Inventory_Ratio': np.float64(0.1913), 'robust_z': None}"
AARTI DRUGS LTD,2026,FA-078,Unstable trend: expense ratio,Financial Analytics Rules,financial_analytics,Medium,pass,Validation passed,"{'Expense_Ratio': np.float64(0.919), 'robust_z': None}"
AARTI DRUGS LTD,2026,FA-079,Unstable trend: depreciation ratio,Financial Analytics Rules,financial_analytics,Medium,pass,Validation passed,"{'Depreciation_Ratio': np.float64(0.0238), 'robust_z': None}"
AARTI DRUGS LTD,2026,FA-080,Unstable trend: operating-cash-flow ratio,Financial Analytics Rules,financial_analytics,Medium,pass,Validation passed,"{'Operating_CF_Ratio': np.float64(0.0988), 'robust_z': None}"
AARTI DRUGS LTD,2026,FA-081,Unstable trend: cash-to-debt ratio,Financial Analytics Rules,financial_analytics,Medium,skipped,Unavailable metrics: ['Cash_To_Debt_Ratio'],{}
AARTI DRUGS LTD,2026,FA-082,Unstable trend: cash margin,Financial Analytics Rules,financial_analytics,Medium,pass,Validation passed,"{'Cash_Margin': np.float64(1.3007), 'robust_z': None}"
AARTI DRUGS LTD,2026,FA-083,Unstable trend: revenue growth,Financial Analytics Rules,financial_analytics,Medium,pass,Validation passed,"{'Revenue_Growth': np.float64(0.0747), 'robust_z': None}"
AARTI DRUGS LTD,2026,FA-084,Unstable trend: profit growth,Financial Analytics Rules,financial_analytics,Medium,pass,Validation passed,"{'Profit_Growth': np.float64(0.1591), 'robust_z': None}"
AARTI DRUGS LTD,2026,FA-085,Unstable trend: borrowing growth,Financial Analytics Rules,financial_analytics,Medium,pass,Validation passed,"{'Borrowing_Growth': np.float64(-0.0625), 'robust_z': None}"
AARTI DRUGS LTD,2026,FA-086,Unstable trend: asset growth,Financial Analytics Rules,financial_analytics,Medium,pass,Validation passed,"{'Asset_Growth': np.float64(0.0934), 'robust_z': None}"
AARTI DRUGS LTD,2026,FA-087,Unstable trend: reserve growth,Financial Analytics Rules,financial_analytics,Medium,pass,Validation passed,"{'Reserve_Growth': np.float64(0.1408), 'robust_z': None}"
AARTI DRUGS LTD,2026,FA-088,Unstable trend: operating-cash-flow growth,Financial Analytics Rules,financial_analytics,Medium,pass,Validation passed,"{'Operating_CF_Growth': np.float64(0.0366), 'robust_z': None}"
AARTI DRUGS LTD,2026,FA-089,Unstable trend: receivable growth,Financial Analytics Rules,financial_analytics,Medium,pass,Validation passed,"{'Receivable_Growth': np.float64(0.1048), 'robust_z': None}"
AARTI DRUGS LTD,2026,FA-090,Unstable trend: inventory growth,Financial Analytics Rules,financial_analytics,Medium,pass,Validation passed,"{'Inventory_Growth': np.float64(0.0377), 'robust_z': None}"
AARTI DRUGS LTD,2026,FA-091,Unstable trend: cash growth,Financial Analytics Rules,financial_analytics,Medium,pass,Validation passed,"{'Cash_Growth': np.float64(0.1653), 'robust_z': None}"
AARTI DRUGS LTD,2026,FA-092,Unstable trend: three-year revenue CAGR,Financial Analytics Rules,financial_analytics,Medium,pass,Validation passed,"{'Revenue_CAGR_3Y': np.float64(-0.0189), 'robust_z': None}"
AARTI DRUGS LTD,2026,FA-093,Unstable trend: three-year profit CAGR,Financial Analytics Rules,financial_analytics,Medium,pass,Validation passed,"{'Profit_CAGR_3Y': np.float64(0.0543), 'robust_z': None}"
AARTI DRUGS LTD,2026,FA-094,Unstable trend: revenue volatility,Financial Analytics Rules,financial_analytics,Medium,pass,Validation passed,"{'Revenue_Volatility': np.float64(94.1358), 'robust_z': None}"
AARTI DRUGS LTD,2026,FA-095,Unstable trend: profit volatility,Financial Analytics Rules,financial_analytics,Medium,pass,Validation passed,"{'Profit_Volatility': np.float64(14.6001), 'robust_z': None}"
AARTI DRUGS LTD,2026,FA-096,Unstable trend: operating-cash-flow volatility,Financial Analytics Rules,financial_analytics,Medium,pass,Validation passed,"{'Operating_CF_Volatility': np.float64(63.5857), 'robust_z': None}"
AARTI DRUGS LTD,2026,FA-097,Revenue growth with profit decline,Financial Analytics Rules,financial_analytics,High,pass,Validation passed,"{'Revenue_Growth': np.float64(0.0747), 'Profit_Growth': np.float64(0.1591)}"
AARTI DRUGS LTD,2026,FA-098,Revenue growth with operating cash-flow decline,Financial Analytics Rules,financial_analytics,High,pass,Validation passed,"{'Revenue_Growth': np.float64(0.0747), 'Operating_CF_Growth': np.float64(0.0366)}"
AARTI DRUGS LTD,2026,FA-099,Receivables growth exceeding revenue growth,Financial Analytics Rules,financial_analytics,High,pass,Validation passed,"{'Receivable_Growth': np.float64(0.1048), 'Revenue_Growth': np.float64(0.0747)}"
AARTI DRUGS LTD,2026,FA-100,Inventory growth with revenue decline,Financial Analytics Rules,financial_analytics,High,pass,Validation passed,"{'Inventory_Growth': np.float64(0.0377), 'Revenue_Growth': np.float64(0.0747)}"
AARTI DRUGS LTD,2026,FA-101,Borrowing growth with cash decline,Financial Analytics Rules,financial_analytics,High,pass,Validation passed,"{'Borrowing_Growth': np.float64(-0.0625), 'Cash_Growth': np.float64(0.1653)}"
AARTI DRUGS LTD,2026,FA-102,Borrowing growth with flat revenue,Financial Analytics Rules,financial_analytics,High,pass,Validation passed,"{'Borrowing_Growth': np.float64(-0.0625), 'Revenue_Growth': np.float64(0.0747)}"
AARTI DRUGS LTD,2026,FA-103,Revenue growth with operating-margin decline,Financial Analytics Rules,financial_analytics,High,pass,Validation passed,"{'Revenue_Growth': np.float64(0.0747), 'Operating_Margin': np.float64(0.0819)}"
AARTI DRUGS LTD,2026,FA-104,Profit growth with cash decline,Financial Analytics Rules,financial_analytics,High,pass,Validation passed,"{'Profit_Growth': np.float64(0.1591), 'Cash_Growth': np.float64(0.1653)}"
AARTI DRUGS LTD,2026,FA-105,Debt growth with interest-coverage decline,Financial Analytics Rules,financial_analytics,High,skipped,Unavailable metrics: ['Interest_Coverage_Ratio'],{}
AARTI DRUGS LTD,2026,FA-106,Operating cash flow below net profit,Financial Analytics Rules,financial_analytics,High,pass,Validation passed,"{'Cash from Operating Activity': np.float64(253.54), 'Net profit': np.float64(194.92)}"
AARTI DRUGS LTD,2026,FA-107,Cash decline amid positive operating cash flow,Financial Analytics Rules,financial_analytics,Medium,pass,Validation passed,"{'Cash_Growth': np.float64(0.1653), 'Cash from Operating Activity': np.float64(253.54)}"
AARTI DRUGS LTD,2026,FA-108,Cash-flow composition outlier,Financial Analytics Rules,financial_analytics,Medium,pass,Validation passed,"{'Cash from Operating Activity': np.float64(253.54), 'Cash from Investing Activity': np.float64(-173.41), 'Cash from Financing Activity': np.float64(-77.44)}"
AARTI DRUGS LTD,2026,IS-002,Gross margin consistency,Handbook Rules,trend,Medium,skipped,Unavailable metrics: ['gross_margin'],{}
AARTI DRUGS LTD,2026,IS-007,Interest expense reasonableness,Handbook Rules,analytical,Medium,pass,Validation passed,"{'Interest': np.float64(33.71), 'Borrowings': np.float64(576.64)}"
AARTI DRUGS LTD,2026,IS-008,Effective tax rate reasonableness,Handbook Rules,analytical,Medium,skipped,Unavailable metrics: ['effective_tax_rate'],{}
AARTI DRUGS LTD,2026,IS-010,Unusual expense spike detection,Handbook Rules,trend,High,skipped,Unavailable metrics: ['Total Expenses'],{}
AARTI DRUGS LTD,2026,IS-011,Revenue versus operating cash flow correlation,Handbook Rules,cross_statement,High,pass,Validation passed,"{'Revenue_Growth': np.float64(0.0747), 'Operating_CF_Growth': np.float64(0.0366)}"
AARTI DRUGS LTD,2026,IS-013,Net income to reserve movement plausibility,Handbook Rules,cross_statement,Critical,fail,Validation triggered,"{'Net profit': np.float64(194.92), 'Dividend Amount': np.float64(18.25), 'Reserves': np.float64(1457.59)}"
AARTI DRUGS LTD,2026,IS-016,Depreciation expense consistency,Handbook Rules,trend,Medium,pass,Validation passed,"{'Depreciation_Ratio': np.float64(0.0238), 'robust_z': None}"
AARTI DRUGS LTD,2026,LED-001,Accounting equation,Handbook Rules,integrity,Critical,pass,Validation passed,"{'Total Assets': np.float64(2815.26), 'Total Liabilities': np.float64(2815.26), 'Equity Share Capital': np.float64(91.27), 'Reserves': np.float64(1457.59)}"
AARTI DRUGS LTD,2026,RAT-005,Debt-to-equity ratio,Handbook Rules,ratio,High,skipped,Unavailable metrics: ['Debt_Equity_Ratio'],{}
AARTI DRUGS LTD,2026,RAT-006,Debt-to-assets ratio,Handbook Rules,ratio,High,skipped,Unavailable metrics: ['Debt_Ratio'],{}
AARTI DRUGS LTD,2026,RAT-007,Equity ratio,Handbook Rules,ratio,High,skipped,Unavailable metrics: ['Equity_Ratio'],{}
AARTI DRUGS LTD,2026,RAT-008,Interest coverage ratio,Handbook Rules,ratio,High,skipped,Unavailable metrics: ['Interest_Coverage_Ratio'],{}
AARTI DRUGS LTD,2026,RAT-010,Gross profit margin trend,Handbook Rules,trend,Medium,skipped,Unavailable metrics: ['gross_margin'],{}
AARTI DRUGS LTD,2026,RAT-011,Net profit margin trend,Handbook Rules,trend,Medium,pass,Validation passed,{'Profit_Margin': np.float64(0.076)}
AARTI DRUGS LTD,2026,RAT-012,Operating margin trend,Handbook Rules,trend,Medium,fail,Validation triggered,{'Operating_Margin': np.float64(0.0819)}
AARTI DRUGS LTD,2026,RAT-014,Return on assets outlier,Handbook Rules,ratio,Medium,pass,Validation passed,"{'ROA': np.float64(0.0692), 'robust_z': None}"
AARTI DRUGS LTD,2026,RAT-015,Return on equity outlier,Handbook Rules,ratio,Medium,pass,Validation passed,"{'ROE': np.float64(0.1258), 'robust_z': None}"
AARTI DRUGS LTD,2026,RAT-017,Asset turnover outlier,Handbook Rules,ratio,Medium,skipped,Unavailable metrics: ['Asset_Utilization_Ratio'],{}
AARTI DRUGS LTD,2026,RAT-018,Inventory turnover outlier,Handbook Rules,ratio,Medium,skipped,Unavailable metrics: ['inventory_turnover'],{}
AARTI DRUGS LTD,2026,RAT-019,Receivables turnover outlier,Handbook Rules,ratio,Medium,skipped,Unavailable metrics: ['receivables_turnover'],{}
AARTI DRUGS LTD,2026,RAT-020,Days sales outstanding trend,Handbook Rules,trend,Medium,skipped,Unavailable metrics: ['dso'],{}
AARTI DRUGS LTD,2026,RAT-022,Days inventory outstanding trend,Handbook Rules,trend,Medium,skipped,Unavailable metrics: ['dio'],{}
AARTI DRUGS LTD,2026,RAT-024,Revenue growth rate,Handbook Rules,trend,Medium,pass,Validation passed,{'Revenue_Growth': np.float64(0.0747)}
AARTI DRUGS LTD,2026,TR-001,Year-over-year revenue variance,Handbook Rules,trend,Medium,pass,Validation passed,"{'Revenue_Growth': np.float64(0.0747), 'robust_z': None}"
AARTI DRUGS LTD,2026,TR-002,Year-over-year expense variance,Handbook Rules,trend,Medium,skipped,Unavailable metrics: ['Total Expenses'],{}
AARTI DRUGS LTD,2026,TR-003,Multi-year trend consistency,Handbook Rules,trend,Medium,pass,Validation passed,"{'Revenue_Volatility': np.float64(94.1358), 'robust_z': None}"
AARTI DRUGS LTD,2026,TR-006,Common-size statement analysis,Handbook Rules,trend,Medium,pass,Validation passed,"{'Expense_Ratio': np.float64(0.919), 'robust_z': None}"
AARTI DRUGS LTD,2026,TR-009,Margin trend stability,Handbook Rules,trend,Medium,pass,Validation passed,"{'Profit_Margin': np.float64(0.076), 'Operating_Margin': np.float64(0.0819), 'robust_z': None}"
